month,town,flat_type,block,street_name,storey_range,floor_area_sqm,flat_model,lease_commence_date,remaining_lease,resale_price
2023-07,ANG MO KIO,2 ROOM,406,ANG MO KIO AVE 10,04 TO 06,44,Improved,1979,54 years 11 months,290000
2023-07,ANG MO KIO,3 ROOM,308B,ANG MO KIO AVE 1,19 TO 21,70,Model A,2022,88 years 04 months,560888
2023-07,ANG MO KIO,3 ROOM,462,ANG MO KIO AVE 10,01 TO 03,82,New Generation,1980,55 years 08 months,385000
2023-07,ANG MO KIO,3 ROOM,462,ANG MO KIO AVE 10,10 TO 12,68,New Generation,1980,55 years 09 months,398888
2023-07,ANG MO KIO,3 ROOM,540,ANG MO KIO AVE 10,01 TO 03,68,New Generation,1981,56 years 07 months,328000
2023-07,ANG MO KIO,3 ROOM,466,ANG MO KIO AVE 10,10 TO 12,67,New Generation,1984,60 years 04 months,386000
2023-07,ANG MO KIO,3 ROOM,560,ANG MO KIO AVE 10,07 TO 09,67,New Generation,1980,55 years 08 months,386000
2023-07,ANG MO KIO,3 ROOM,313,ANG MO KIO AVE 3,01 TO 03,73,New Generation,1978,53 years 08 months,388000
2023-07,ANG MO KIO,3 ROOM,328,ANG MO KIO AVE 3,07 TO 09,73,New Generation,1978,54 years 03 months,375000
2023-07,ANG MO KIO,3 ROOM,610,ANG MO KIO AVE 4,07 TO 09,68,New Generation,1980,56 years 06 months,371000
2023-07,ANG MO KIO,3 ROOM,178,ANG MO KIO AVE 4,10 TO 12,68,New Generation,1981,56 years 10 months,380000
2023-07,ANG MO KIO,3 ROOM,610,ANG MO KIO AVE 4,10 TO 12,68,New Generation,1980,56 years 05 months,367000
2023-07,ANG MO KIO,3 ROOM,153,ANG MO KIO AVE 5,10 TO 12,68,New Generation,1981,56 years 07 months,432000
2023-07,ANG MO KIO,3 ROOM,606,ANG MO KIO AVE 5,04 TO 06,67,New Generation,1980,56 years,345000
2023-07,ANG MO KIO,3 ROOM,590B,ANG MO KIO ST 51,16 TO 18,68,Model A,2019,94 years 09 months,690000
2023-07,ANG MO KIO,3 ROOM,591A,ANG MO KIO ST 51,13 TO 15,68,Model A,2019,94 years 09 months,668000
2023-07,ANG MO KIO,4 ROOM,205,ANG MO KIO AVE 1,01 TO 03,98,New Generation,1977,52 years 07 months,515000
2023-07,ANG MO KIO,4 ROOM,443,ANG MO KIO AVE 10,01 TO 03,92,New Generation,1979,55 years 02 months,435000
2023-07,ANG MO KIO,4 ROOM,438,ANG MO KIO AVE 10,04 TO 06,92,New Generation,1979,54 years 07 months,500000
2023-07,ANG MO KIO,4 ROOM,102,ANG MO KIO AVE 3,10 TO 12,112,Model A,1993,68 years 10 months,650000
2023-07,ANG MO KIO,4 ROOM,209,ANG MO KIO AVE 3,10 TO 12,91,New Generation,1977,52 years 10 months,465000
2023-07,ANG MO KIO,4 ROOM,105,ANG MO KIO AVE 4,01 TO 03,92,New Generation,1978,53 years 10 months,528000
2023-07,ANG MO KIO,4 ROOM,105,ANG MO KIO AVE 4,01 TO 03,92,New Generation,1978,53 years 11 months,425000
2023-07,ANG MO KIO,4 ROOM,179,ANG MO KIO AVE 5,04 TO 06,91,New Generation,1981,56 years 11 months,476000
2023-07,ANG MO KIO,4 ROOM,642,ANG MO KIO AVE 5,10 TO 12,100,New Generation,1980,56 years 05 months,525000
2023-07,ANG MO KIO,4 ROOM,523,ANG MO KIO AVE 5,10 TO 12,93,New Generation,1980,56 years 02 months,538000
2023-07,ANG MO KIO,4 ROOM,260A,ANG MO KIO ST 21,22 TO 24,93,Model A,2018,94 years,930000
2023-07,ANG MO KIO,4 ROOM,590A,ANG MO KIO ST 51,04 TO 06,93,Model A,2019,94 years 09 months,838000
2023-07,ANG MO KIO,4 ROOM,596C,ANG MO KIO ST 52,07 TO 09,91,Model A,2002,78 years 07 months,750000
2023-07,ANG MO KIO,5 ROOM,545,ANG MO KIO AVE 10,19 TO 21,118,Improved,1981,56 years 07 months,773888
2023-07,ANG MO KIO,5 ROOM,622,ANG MO KIO AVE 9,07 TO 09,121,Improved,1980,56 years 04 months,668000
2023-07,BEDOK,3 ROOM,105,BEDOK NTH AVE 4,07 TO 09,67,New Generation,1977,53 years 01 month,366000
2023-07,BEDOK,3 ROOM,426,BEDOK NTH RD,01 TO 03,67,New Generation,1979,54 years 07 months,380888
2023-07,BEDOK,3 ROOM,540,BEDOK NTH ST 3,10 TO 12,68,New Generation,1980,56 years 01 month,385000
2023-07,BEDOK,3 ROOM,503,BEDOK NTH ST 3,01 TO 03,59,Improved,1978,53 years 10 months,323888
2023-07,BEDOK,3 ROOM,502,BEDOK NTH ST 3,10 TO 12,59,Improved,1978,53 years 11 months,318000
2023-07,BEDOK,3 ROOM,620,BEDOK RESERVOIR RD,04 TO 06,61,Improved,1986,62 years 02 months,350000
2023-07,BEDOK,3 ROOM,107,BEDOK RESERVOIR RD,01 TO 03,67,New Generation,1985,61 years 02 months,360000
2023-07,BEDOK,3 ROOM,116,BEDOK RESERVOIR RD,07 TO 09,67,New Generation,1986,61 years 09 months,373000
2023-07,BEDOK,3 ROOM,39,BEDOK STH RD,13 TO 15,67,New Generation,1978,54 years 04 months,390000
2023-07,BEDOK,3 ROOM,40,CHAI CHEE AVE,13 TO 15,65,Improved,1974,49 years 08 months,360000
2023-07,BEDOK,3 ROOM,32,CHAI CHEE AVE,13 TO 15,65,Improved,1974,49 years 08 months,385000
2023-07,BEDOK,3 ROOM,55,CHAI CHEE DR,10 TO 12,76,Model A,1984,59 years 10 months,385000
2023-07,BEDOK,3 ROOM,55,CHAI CHEE DR,04 TO 06,75,Model A,1984,59 years 10 months,370888
2023-07,BEDOK,3 ROOM,58,CHAI CHEE DR,04 TO 06,76,Model A,1983,59 years 07 months,375000
2023-07,BEDOK,4 ROOM,137,BEDOK NTH AVE 3,04 TO 06,91,New Generation,1979,54 years 07 months,463000
2023-07,BEDOK,4 ROOM,122,BEDOK NTH ST 2,04 TO 06,92,New Generation,1978,53 years 09 months,450000
2023-07,BEDOK,4 ROOM,547,BEDOK NTH ST 3,04 TO 06,95,New Generation,1980,55 years 11 months,480000
2023-07,BEDOK,4 ROOM,523,BEDOK NTH ST 3,13 TO 15,92,New Generation,1979,55 years 01 month,475000
2023-07,BEDOK,4 ROOM,524,BEDOK NTH ST 3,10 TO 12,92,New Generation,1979,55 years 01 month,450000
2023-07,BEDOK,4 ROOM,186B,BEDOK NTH ST 4,19 TO 21,93,Model A,2018,94 years 07 months,830000
2023-07,BEDOK,4 ROOM,186B,BEDOK NTH ST 4,13 TO 15,93,Model A,2018,94 years 07 months,818888
2023-07,BEDOK,4 ROOM,188A,BEDOK NTH ST 4,10 TO 12,93,Model A,2018,94 years 06 months,788000
2023-07,BEDOK,4 ROOM,186A,BEDOK NTH ST 4,04 TO 06,93,Model A,2018,94 years 06 months,728888
2023-07,BEDOK,4 ROOM,110,BEDOK RESERVOIR RD,10 TO 12,92,New Generation,1985,61 years 02 months,505000
2023-07,BEDOK,4 ROOM,623,BEDOK RESERVOIR RD,07 TO 09,91,New Generation,1981,56 years 09 months,500000
2023-07,BEDOK,4 ROOM,768,BEDOK RESERVOIR VIEW,13 TO 15,104,Premium Apartment,2000,76 years 06 months,718000
2023-07,BEDOK,4 ROOM,33,BEDOK STH AVE 2,13 TO 15,98,New Generation,1978,53 years 09 months,521000
2023-07,BEDOK,4 ROOM,71,BEDOK STH RD,01 TO 03,92,New Generation,1978,53 years 07 months,470000
2023-07,BEDOK,4 ROOM,59,CHAI CHEE RD,01 TO 03,105,Model A,1984,59 years 08 months,478000
2023-07,BEDOK,5 ROOM,219B,BEDOK CTRL,10 TO 12,112,Improved,2010,85 years 11 months,985000
2023-07,BEDOK,5 ROOM,406,BEDOK NTH AVE 3,01 TO 03,118,Improved,1980,56 years 01 month,635000
2023-07,BEDOK,5 ROOM,505,BEDOK NTH AVE 3,19 TO 21,119,Improved,1978,54 years 05 months,688000
2023-07,BEDOK,5 ROOM,186A,BEDOK NTH ST 4,01 TO 03,113,Improved,2018,94 years 06 months,870000
2023-07,BEDOK,5 ROOM,601,BEDOK RESERVOIR RD,04 TO 06,121,Improved,1982,58 years,610000
2023-07,BEDOK,5 ROOM,611,BEDOK RESERVOIR RD,04 TO 06,127,Improved,1993,68 years 11 months,620000
2023-07,BEDOK,5 ROOM,722,BEDOK RESERVOIR RD,04 TO 06,137,Model A-Maisonette,1984,60 years 01 month,825000
2023-07,BEDOK,5 ROOM,769,BEDOK RESERVOIR VIEW,10 TO 12,115,Premium Apartment,2000,76 years 07 months,730000
2023-07,BEDOK,5 ROOM,156,BEDOK STH AVE 3,04 TO 06,122,Improved,1985,61 years 07 months,740000
2023-07,BEDOK,5 ROOM,68,BEDOK STH AVE 3,13 TO 15,123,Standard,1977,53 years 04 months,720000
2023-07,BEDOK,5 ROOM,170,BEDOK STH RD,04 TO 06,122,Improved,1986,61 years 08 months,660000
2023-07,BEDOK,5 ROOM,658,JLN TENAGA,13 TO 15,126,Improved,1996,72 years 04 months,805000
2023-07,BEDOK,EXECUTIVE,160,BEDOK STH AVE 3,07 TO 09,146,Maisonette,1986,62 years,928000
2023-07,BISHAN,3 ROOM,308,SHUNFU RD,04 TO 06,67,New Generation,1984,60 years 07 months,489000
2023-07,BISHAN,3 ROOM,406,SIN MING AVE,10 TO 12,64,Simplified,1987,62 years 10 months,490000
2023-07,BISHAN,4 ROOM,111,BISHAN ST 12,04 TO 06,105,Model A,1986,61 years 07 months,725000
2023-07,BISHAN,4 ROOM,172,BISHAN ST 13,07 TO 09,83,Simplified,1987,63 years 06 months,620000
2023-07,BISHAN,4 ROOM,229,BISHAN ST 23,13 TO 15,102,Model A,1992,67 years 10 months,708000
2023-07,BISHAN,4 ROOM,272,BISHAN ST 24,07 TO 09,103,Model A,1992,68 years 03 months,735000
2023-07,BISHAN,4 ROOM,267,BISHAN ST 24,10 TO 12,104,Model A,1992,68 years 02 months,745000
2023-07,BISHAN,5 ROOM,154,BISHAN ST 13,01 TO 03,121,Improved,1987,63 years 06 months,771200
2023-07,BISHAN,5 ROOM,190,BISHAN ST 13,07 TO 09,121,Improved,1987,62 years 07 months,915000
2023-07,BISHAN,5 ROOM,239,BISHAN ST 22,07 TO 09,133,Model A,1992,68 years 02 months,950000
2023-07,BISHAN,5 ROOM,226,BISHAN ST 23,10 TO 12,139,Model A,1992,67 years 10 months,972000
2023-07,BISHAN,5 ROOM,289,BISHAN ST 24,16 TO 18,123,Premium Apartment,1998,74 years,938888
2023-07,BISHAN,EXECUTIVE,219,BISHAN ST 23,01 TO 03,152,Maisonette,1992,67 years 11 months,908000
2023-07,BUKIT BATOK,2 ROOM,292A,BT BATOK EAST AVE 6,16 TO 18,47,Model A,2019,94 years 09 months,355000
2023-07,BUKIT BATOK,2 ROOM,450A,BT BATOK WEST AVE 6,04 TO 06,47,Model A,2019,94 years 10 months,340000
2023-07,BUKIT BATOK,2 ROOM,450D,BT BATOK WEST AVE 6,04 TO 06,47,Model A,2019,94 years 10 months,325000
2023-07,BUKIT BATOK,2 ROOM,448A,BT BATOK WEST AVE 9,07 TO 09,38,Model A,2019,94 years 09 months,305000
2023-07,BUKIT BATOK,3 ROOM,248,BT BATOK EAST AVE 5,07 TO 09,73,Model A,1985,61 years 02 months,370000
2023-07,BUKIT BATOK,3 ROOM,232,BT BATOK EAST AVE 5,01 TO 03,73,New Generation,1985,61 years,405000
2023-07,BUKIT BATOK,3 ROOM,160,BT BATOK ST 11,04 TO 06,73,Model A,1984,60 years,372500
2023-07,BUKIT BATOK,3 ROOM,321,BT BATOK ST 33,04 TO 06,68,New Generation,1986,61 years 10 months,360000
2023-07,BUKIT BATOK,3 ROOM,534,BT BATOK ST 51,10 TO 12,60,Improved,1987,63 years,358000
2023-07,BUKIT BATOK,3 ROOM,503,BT BATOK ST 52,01 TO 03,70,Simplified,1987,63 years 03 months,360000
2023-07,BUKIT BATOK,3 ROOM,450A,BT BATOK WEST AVE 6,22 TO 24,67,Model A,2019,94 years 10 months,505000
2023-07,BUKIT BATOK,3 ROOM,451A,BT BATOK WEST AVE 6,07 TO 09,67,Model A,2019,94 years 10 months,465000
2023-07,BUKIT BATOK,3 ROOM,441A,BT BATOK WEST AVE 8,01 TO 03,67,Model A,2019,94 years 09 months,425000
2023-07,BUKIT BATOK,3 ROOM,448C,BT BATOK WEST AVE 9,07 TO 09,68,Model A,2019,94 years 09 months,460000
2023-07,BUKIT BATOK,4 ROOM,104,BT BATOK CTRL,07 TO 09,107,Model A,1985,60 years 10 months,525000
2023-07,BUKIT BATOK,4 ROOM,283,BT BATOK EAST AVE 3,07 TO 09,83,Simplified,1988,63 years 09 months,450888
2023-07,BUKIT BATOK,4 ROOM,292B,BT BATOK EAST AVE 6,16 TO 18,93,Model A,2019,94 years 07 months,685000
2023-07,BUKIT BATOK,4 ROOM,292A,BT BATOK EAST AVE 6,13 TO 15,93,Model A,2019,94 years 07 months,675888
2023-07,BUKIT BATOK,4 ROOM,293B,BT BATOK ST 21,19 TO 21,92,Model A,2019,94 years 08 months,715000
2023-07,BUKIT BATOK,4 ROOM,293B,BT BATOK ST 21,07 TO 09,92,Model A,2019,94 years 08 months,645000
2023-07,BUKIT BATOK,4 ROOM,293C,BT BATOK ST 21,34 TO 36,92,Model A,2019,94 years 07 months,770000
2023-07,BUKIT BATOK,4 ROOM,293A,BT BATOK ST 21,28 TO 30,93,Model A,2019,94 years 07 months,750000
2023-07,BUKIT BATOK,4 ROOM,293D,BT BATOK ST 21,25 TO 27,93,Model A,2019,94 years 07 months,698000
2023-07,BUKIT BATOK,4 ROOM,296A,BT BATOK ST 22,01 TO 03,95,Premium Apartment,2018,93 years 10 months,647000
2023-07,BUKIT BATOK,4 ROOM,345,BT BATOK ST 34,01 TO 03,103,Model A,1987,62 years 09 months,455000
2023-07,BUKIT BATOK,4 ROOM,417,BT BATOK WEST AVE 4,07 TO 09,103,Model A,1986,62 years 01 month,498000
2023-07,BUKIT BATOK,4 ROOM,393,BT BATOK WEST AVE 5,25 TO 27,92,Model A,2004,80 years 04 months,540000
2023-07,BUKIT BATOK,4 ROOM,453B,BT BATOK WEST AVE 6,07 TO 09,93,Model A,2019,94 years 09 months,630000
2023-07,BUKIT BATOK,4 ROOM,453B,BT BATOK WEST AVE 6,16 TO 18,93,Model A,2019,94 years 09 months,638000
2023-07,BUKIT BATOK,4 ROOM,440B,BT BATOK WEST AVE 8,04 TO 06,92,Model A,2019,94 years 09 months,606000
2023-07,BUKIT BATOK,4 ROOM,441B,BT BATOK WEST AVE 8,13 TO 15,92,Model A,2019,94 years 10 months,620888
2023-07,BUKIT BATOK,5 ROOM,292B,BT BATOK EAST AVE 6,16 TO 18,113,Improved,2019,94 years 07 months,864000
2023-07,BUKIT BATOK,5 ROOM,293C,BT BATOK ST 21,13 TO 15,113,Improved,2019,94 years 07 months,860000
2023-07,BUKIT BATOK,5 ROOM,296A,BT BATOK ST 22,25 TO 27,115,Premium Apartment,2018,93 years 10 months,910000
2023-07,BUKIT BATOK,5 ROOM,296A,BT BATOK ST 22,28 TO 30,113,Premium Apartment,2018,93 years 09 months,918000
2023-07,BUKIT BATOK,5 ROOM,315,BT BATOK ST 32,01 TO 03,122,Improved,1986,62 years 04 months,530000
2023-07,BUKIT BATOK,5 ROOM,329,BT BATOK ST 33,04 TO 06,122,Improved,1986,62 years 07 months,560000
2023-07,BUKIT BATOK,5 ROOM,394,BT BATOK WEST AVE 5,16 TO 18,115,Improved,2004,80 years 03 months,700800
2023-07,BUKIT BATOK,5 ROOM,387,BT BATOK WEST AVE 5,10 TO 12,118,Improved,2004,80 years 06 months,670888
2023-07,BUKIT BATOK,5 ROOM,453B,BT BATOK WEST AVE 6,19 TO 21,115,Improved,2019,94 years 09 months,765000
2023-07,BUKIT BATOK,5 ROOM,443A,BT BATOK WEST AVE 8,07 TO 09,112,Improved,2019,94 years 09 months,730000
2023-07,BUKIT BATOK,5 ROOM,441B,BT BATOK WEST AVE 8,13 TO 15,112,Improved,2019,94 years 09 months,808000
2023-07,BUKIT BATOK,5 ROOM,446A,BT BATOK WEST AVE 8,16 TO 18,112,Improved,2019,94 years 07 months,803888
2023-07,BUKIT BATOK,5 ROOM,443C,BT BATOK WEST AVE 8,07 TO 09,112,Improved,2019,94 years 10 months,725000
2023-07,BUKIT BATOK,5 ROOM,442A,BT BATOK WEST AVE 8,07 TO 09,112,Improved,2019,94 years 09 months,758000
2023-07,BUKIT MERAH,2 ROOM,76,TELOK BLANGAH DR,07 TO 09,44,Improved,1978,53 years 07 months,290000
2023-07,BUKIT MERAH,3 ROOM,110A,DEPOT RD,16 TO 18,67,Model A,2017,93 years 05 months,630000
2023-07,BUKIT MERAH,3 ROOM,52,HAVELOCK RD,07 TO 09,69,Model A,2013,88 years 11 months,685000
2023-07,BUKIT MERAH,3 ROOM,52,HAVELOCK RD,28 TO 30,69,Model A,2013,88 years 11 months,750000
2023-07,BUKIT MERAH,3 ROOM,22,HAVELOCK RD,04 TO 06,64,Standard,1969,45 years 02 months,345000
2023-07,BUKIT MERAH,3 ROOM,52,HAVELOCK RD,25 TO 27,69,Model A,2013,88 years 11 months,740000
2023-07,BUKIT MERAH,3 ROOM,77,INDUS RD,04 TO 06,63,Improved,1973,48 years 08 months,355000
2023-07,BUKIT MERAH,3 ROOM,26D,JLN MEMBINA,25 TO 27,60,Model A,2009,84 years 07 months,700000
2023-07,BUKIT MERAH,3 ROOM,127C,KIM TIAN RD,28 TO 30,62,Model A,2013,88 years 07 months,690000
2023-07,BUKIT MERAH,3 ROOM,25,LIM LIAK ST,01 TO 03,88,Standard,1973,48 years 07 months,720000
2023-07,BUKIT MERAH,3 ROOM,28,TELOK BLANGAH RISE,10 TO 12,70,Improved,1976,51 years 11 months,420000
2023-07,BUKIT MERAH,3 ROOM,91A,TELOK BLANGAH ST 31,10 TO 12,68,Model A,2018,94 years 06 months,675000
2023-07,BUKIT MERAH,3 ROOM,91A,TELOK BLANGAH ST 31,22 TO 24,68,Model A,2018,94 years 05 months,710000
2023-07,BUKIT MERAH,4 ROOM,10B,BOON TIONG RD,07 TO 09,87,Model A,2016,91 years 07 months,1010000
2023-07,BUKIT MERAH,4 ROOM,125,BT MERAH VIEW,10 TO 12,109,Model A,1996,72 years 03 months,870000
2023-07,BUKIT MERAH,4 ROOM,106A,DEPOT RD,07 TO 09,100,Model A,2000,76 years 01 month,708000
2023-07,BUKIT MERAH,4 ROOM,55,HAVELOCK RD,34 TO 36,94,Model A,2013,88 years 11 months,1020000
2023-07,BUKIT MERAH,4 ROOM,95B,HENDERSON RD,28 TO 30,93,Model A,2019,94 years 11 months,980000
2023-07,BUKIT MERAH,4 ROOM,139,JLN BT MERAH,07 TO 09,109,Model A,1997,72 years 07 months,690000
2023-07,BUKIT MERAH,4 ROOM,26C,JLN MEMBINA,01 TO 03,90,Model A,2009,84 years 08 months,755000
2023-07,BUKIT MERAH,4 ROOM,126C,KIM TIAN RD,22 TO 24,93,Model A,2013,88 years 09 months,840000
2023-07,BUKIT MERAH,5 ROOM,12,JLN BT MERAH,13 TO 15,128,Improved,1996,72 years 06 months,870000
2023-07,BUKIT MERAH,5 ROOM,119D,KIM TIAN RD,28 TO 30,110,Improved,2002,78 years 04 months,950000
2023-07,BUKIT MERAH,5 ROOM,125,KIM TIAN RD,10 TO 12,137,Model A,1995,71 years 03 months,1260000
2023-07,BUKIT MERAH,5 ROOM,47,LENGKOK BAHRU,04 TO 06,137,Model A,1984,60 years 01 month,758000
2023-07,BUKIT MERAH,5 ROOM,26,TELOK BLANGAH CRES,07 TO 09,114,Standard,1975,51 years 01 month,700000
2023-07,BUKIT PANJANG,3 ROOM,251,BANGKIT RD,01 TO 03,73,Model A,1988,64 years 07 months,375000
2023-07,BUKIT PANJANG,3 ROOM,104,GANGSA RD,07 TO 09,73,Model A,1988,63 years 10 months,383000
2023-07,BUKIT PANJANG,3 ROOM,127,PENDING RD,04 TO 06,64,Simplified,1988,64 years 01 month,390000
2023-07,BUKIT PANJANG,3 ROOM,114,PENDING RD,01 TO 03,64,Simplified,1988,64 years 05 months,365000
2023-07,BUKIT PANJANG,3 ROOM,229,PENDING RD,01 TO 03,73,Model A,1988,64 years 06 months,380000
2023-07,BUKIT PANJANG,3 ROOM,206,PETIR RD,07 TO 09,73,Model A,1989,64 years 10 months,380000
2023-07,BUKIT PANJANG,3 ROOM,488,SEGAR RD,10 TO 12,67,Model A,2014,90 years 06 months,420000
2023-07,BUKIT PANJANG,3 ROOM,460,SEGAR RD,01 TO 03,68,Premium Apartment,2015,91 years 03 months,390000
2023-07,BUKIT PANJANG,3 ROOM,636A,SENJA RD,07 TO 09,67,Model A,2015,91 years 05 months,445000
2023-07,BUKIT PANJANG,4 ROOM,406,FAJAR RD,13 TO 15,103,Model A,1989,64 years 07 months,478000
2023-07,BUKIT PANJANG,4 ROOM,102,GANGSA RD,04 TO 06,103,Model A,1988,63 years 07 months,510000
2023-07,BUKIT PANJANG,4 ROOM,223,PENDING RD,01 TO 03,103,Model A,1988,63 years 08 months,460000
2023-07,BUKIT PANJANG,4 ROOM,203,PETIR RD,07 TO 09,104,Model A,1988,64 years 05 months,480000
2023-07,BUKIT PANJANG,4 ROOM,550A,SEGAR RD,04 TO 06,92,Model A,2015,91 years 07 months,540000
2023-07,BUKIT PANJANG,4 ROOM,459,SEGAR RD,04 TO 06,93,Premium Apartment,2015,91 years 03 months,520000
2023-07,BUKIT PANJANG,4 ROOM,604,SENJA RD,13 TO 15,99,Model A,1999,75 years,665000
2023-07,BUKIT PANJANG,4 ROOM,624,SENJA RD,10 TO 12,90,Model A,2001,77 years 07 months,471888
2023-07,BUKIT PANJANG,5 ROOM,611,BT PANJANG RING RD,04 TO 06,110,Improved,2002,78 years,565000
2023-07,BUKIT PANJANG,5 ROOM,173,GANGSA RD,13 TO 15,122,Improved,1997,73 years 06 months,730000
2023-07,BUKIT PANJANG,5 ROOM,652,SENJA LINK,13 TO 15,111,Premium Apartment,2001,77 years 05 months,599000
2023-07,BUKIT PANJANG,EXECUTIVE,451,FAJAR RD,01 TO 03,140,Apartment,1997,73 years 02 months,698000
2023-07,BUKIT PANJANG,EXECUTIVE,180,LOMPANG RD,19 TO 21,131,Apartment,2002,77 years 07 months,930000
2023-07,BUKIT PANJANG,EXECUTIVE,124,PENDING RD,07 TO 09,144,Maisonette,1988,63 years 09 months,800000
2023-07,BUKIT PANJANG,EXECUTIVE,129,PENDING RD,01 TO 03,144,Apartment,1987,63 years 07 months,760000
2023-07,BUKIT PANJANG,EXECUTIVE,607,SENJA RD,16 TO 18,131,Apartment,2001,77 years 06 months,808000
2023-07,BUKIT TIMAH,EXECUTIVE,3,TOH YI DR,04 TO 06,146,Maisonette,1988,64 years 02 months,1248000
2023-07,CENTRAL AREA,3 ROOM,28,KELANTAN RD,07 TO 09,74,Improved,1977,53 years 06 months,440000
2023-07,CENTRAL AREA,3 ROOM,1,TG PAGAR PLAZA,16 TO 18,59,Improved,1977,52 years 08 months,495000
2023-07,CENTRAL AREA,4 ROOM,232,BAIN ST,22 TO 24,82,Improved,1980,55 years 11 months,800000
2023-07,CHOA CHU KANG,2 ROOM,807A,CHOA CHU KANG AVE 1,04 TO 06,47,Model A,2017,92 years 10 months,300000
2023-07,CHOA CHU KANG,3 ROOM,809B,CHOA CHU KANG AVE 1,04 TO 06,67,Model A,2017,92 years 10 months,407000
2023-07,CHOA CHU KANG,3 ROOM,802A,KEAT HONG CL,01 TO 03,67,Model A,2018,93 years 08 months,425000
2023-07,CHOA CHU KANG,3 ROOM,26,TECK WHYE LANE,04 TO 06,74,New Generation,1979,54 years 10 months,363000
2023-07,CHOA CHU KANG,3 ROOM,19,TECK WHYE LANE,04 TO 06,68,New Generation,1981,57 years 03 months,360000
2023-07,CHOA CHU KANG,4 ROOM,296D,CHOA CHU KANG AVE 2,04 TO 06,102,Premium Apartment,1999,75 years 02 months,458000
2023-07,CHOA CHU KANG,4 ROOM,425,CHOA CHU KANG AVE 4,07 TO 09,104,Model A,1992,67 years 11 months,490000
2023-07,CHOA CHU KANG,4 ROOM,417,CHOA CHU KANG AVE 4,07 TO 09,105,Model A,1993,69 years,505000
2023-07,CHOA CHU KANG,4 ROOM,433,CHOA CHU KANG AVE 4,07 TO 09,104,Model A,1993,69 years,540000
2023-07,CHOA CHU KANG,4 ROOM,476C,CHOA CHU KANG AVE 5,13 TO 15,92,Model A,2013,89 years 02 months,540000
2023-07,CHOA CHU KANG,4 ROOM,485D,CHOA CHU KANG AVE 5,10 TO 12,101,Model A,1999,75 years 01 month,467000
2023-07,CHOA CHU KANG,4 ROOM,487B,CHOA CHU KANG AVE 5,07 TO 09,93,Model A,2016,92 years 01 month,525000
2023-07,CHOA CHU KANG,4 ROOM,488C,CHOA CHU KANG AVE 5,07 TO 09,93,Model A,2016,92 years,555000
2023-07,CHOA CHU KANG,4 ROOM,815A,CHOA CHU KANG AVE 7,13 TO 15,93,Model A,2017,92 years 09 months,610000
2023-07,CHOA CHU KANG,4 ROOM,692A,CHOA CHU KANG CRES,04 TO 06,91,Model A,2003,78 years 09 months,453000
2023-07,CHOA CHU KANG,4 ROOM,685A,CHOA CHU KANG CRES,01 TO 03,91,Model A,2002,78 years 04 months,430000
2023-07,CHOA CHU KANG,4 ROOM,667,CHOA CHU KANG CRES,01 TO 03,103,Model A,1999,75 years,465000
2023-07,CHOA CHU KANG,4 ROOM,206,CHOA CHU KANG CTRL,07 TO 09,104,Model A,1989,64 years 10 months,500000
2023-07,CHOA CHU KANG,4 ROOM,353,CHOA CHU KANG CTRL,07 TO 09,106,Model A,1993,69 years,538000
2023-07,CHOA CHU KANG,4 ROOM,212,CHOA CHU KANG CTRL,07 TO 09,104,Model A,1989,65 years,515000
2023-07,CHOA CHU KANG,4 ROOM,227,CHOA CHU KANG CTRL,07 TO 09,105,Model A,1993,69 years,515000
2023-07,CHOA CHU KANG,4 ROOM,766,CHOA CHU KANG NTH 5,04 TO 06,106,Model A,1996,72 years 02 months,485000
2023-07,CHOA CHU KANG,4 ROOM,506,CHOA CHU KANG ST 51,01 TO 03,108,Model A,1994,70 years 06 months,460000
2023-07,CHOA CHU KANG,4 ROOM,803D,KEAT HONG CL,07 TO 09,93,Model A,2017,92 years 11 months,500000
2023-07,CHOA CHU KANG,4 ROOM,804A,KEAT HONG CL,13 TO 15,93,Model A,2017,93 years,575000
2023-07,CHOA CHU KANG,4 ROOM,805A,KEAT HONG CL,13 TO 15,93,Model A,2017,92 years 11 months,549000
2023-07,CHOA CHU KANG,5 ROOM,807B,CHOA CHU KANG AVE 1,04 TO 06,112,Improved,2017,92 years 10 months,627000
2023-07,CHOA CHU KANG,5 ROOM,469,CHOA CHU KANG AVE 3,01 TO 03,121,Improved,1999,74 years 10 months,570000
2023-07,CHOA CHU KANG,5 ROOM,451,CHOA CHU KANG AVE 4,10 TO 12,123,Premium Apartment,2000,75 years 09 months,590000
2023-07,CHOA CHU KANG,5 ROOM,485B,CHOA CHU KANG AVE 5,10 TO 12,121,Improved,1999,74 years 10 months,588800
2023-07,CHOA CHU KANG,5 ROOM,815B,CHOA CHU KANG AVE 7,13 TO 15,113,Improved,2017,92 years 09 months,698000
2023-07,CHOA CHU KANG,5 ROOM,680,CHOA CHU KANG CRES,04 TO 06,122,Premium Apartment,1999,75 years 05 months,535000
2023-07,CHOA CHU KANG,5 ROOM,685B,CHOA CHU KANG CRES,07 TO 09,110,Improved,2002,78 years 04 months,515000
2023-07,CHOA CHU KANG,5 ROOM,678,CHOA CHU KANG CRES,10 TO 12,123,Premium Apartment,1999,75 years 05 months,575001
2023-07,CHOA CHU KANG,5 ROOM,686A,CHOA CHU KANG CRES,04 TO 06,111,Improved,2002,78 years 04 months,520000
2023-07,CHOA CHU KANG,5 ROOM,692B,CHOA CHU KANG CRES,22 TO 24,110,Improved,2003,78 years 08 months,550000
2023-07,CHOA CHU KANG,5 ROOM,501,CHOA CHU KANG ST 51,04 TO 06,123,Improved,1995,70 years 08 months,550000
2023-07,CHOA CHU KANG,5 ROOM,510,CHOA CHU KANG ST 51,01 TO 03,133,Model A,1995,70 years 08 months,588000
2023-07,CHOA CHU KANG,5 ROOM,12,TECK WHYE LANE,13 TO 15,119,Improved,1979,54 years 07 months,490000
2023-07,CHOA CHU KANG,EXECUTIVE,420,CHOA CHU KANG AVE 4,07 TO 09,148,Apartment,1993,69 years,770000
2023-07,CLEMENTI,3 ROOM,312A,CLEMENTI AVE 4,19 TO 21,69,Model A,2017,93 years 02 months,700000
2023-07,CLEMENTI,3 ROOM,729,CLEMENTI WEST ST 2,10 TO 12,68,New Generation,1983,59 years 05 months,380000
2023-07,CLEMENTI,3 ROOM,506,WEST COAST DR,07 TO 09,67,New Generation,1978,54 years 02 months,358500
2023-07,CLEMENTI,3 ROOM,702,WEST COAST RD,10 TO 12,67,New Generation,1980,56 years 03 months,360000
2023-07,CLEMENTI,4 ROOM,411,C'WEALTH AVE WEST,10 TO 12,97,New Generation,1978,53 years 10 months,520000
2023-07,CLEMENTI,4 ROOM,440B,CLEMENTI AVE 3,04 TO 06,94,Model A,2018,94 years 02 months,955000
2023-07,CLEMENTI,4 ROOM,202,CLEMENTI AVE 6,07 TO 09,94,New Generation,1985,60 years 07 months,570888
2023-07,CLEMENTI,4 ROOM,716,CLEMENTI WEST ST 2,04 TO 06,91,New Generation,1981,57 years 03 months,499000
2023-07,CLEMENTI,4 ROOM,708,CLEMENTI WEST ST 2,04 TO 06,91,New Generation,1980,56 years 01 month,476000
2023-07,CLEMENTI,4 ROOM,511,WEST COAST DR,07 TO 09,91,New Generation,1978,53 years 07 months,480000
2023-07,CLEMENTI,5 ROOM,312B,CLEMENTI AVE 4,19 TO 21,113,Improved,2017,93 years 03 months,1145000
2023-07,CLEMENTI,5 ROOM,613,CLEMENTI WEST ST 1,07 TO 09,133,Model A,1984,59 years 11 months,688000
2023-07,GEYLANG,3 ROOM,97,ALJUNIED CRES,07 TO 09,65,Improved,1975,51 years 02 months,380000
2023-07,GEYLANG,3 ROOM,97,ALJUNIED CRES,04 TO 06,76,Improved,1975,51 years 02 months,380000
2023-07,GEYLANG,3 ROOM,23,BALAM RD,07 TO 09,60.3,Standard,1967,42 years 07 months,310000
2023-07,GEYLANG,3 ROOM,36,CASSIA CRES,07 TO 09,59,Improved,1986,61 years 08 months,408000
2023-07,GEYLANG,3 ROOM,85,CIRCUIT RD,01 TO 03,60,Improved,1970,45 years 07 months,278888
2023-07,GEYLANG,3 ROOM,37,CIRCUIT RD,16 TO 18,58,Standard,1972,48 years 05 months,310000
2023-07,GEYLANG,3 ROOM,16,EUNOS CRES,04 TO 06,59,Improved,1977,53 years,334000
2023-07,GEYLANG,3 ROOM,32,EUNOS CRES,04 TO 06,60,Model A,2007,82 years 07 months,580000
2023-07,GEYLANG,3 ROOM,53,SIMS PL,01 TO 03,65,Improved,1981,56 years 08 months,348000
2023-07,GEYLANG,4 ROOM,17A,CIRCUIT RD,10 TO 12,93,Model A,2016,92 years 05 months,860000
2023-07,GEYLANG,4 ROOM,120,GEYLANG EAST CTRL,07 TO 09,91,New Generation,1982,58 years,620000
2023-07,GEYLANG,4 ROOM,11,HAIG RD,10 TO 12,92,New Generation,1976,52 years 01 month,570000
2023-07,GEYLANG,4 ROOM,346,UBI AVE 1,13 TO 15,104,Model A,1986,61 years 09 months,580000
2023-07,GEYLANG,4 ROOM,343,UBI AVE 1,07 TO 09,104,Model A,1986,61 years 11 months,600000
2023-07,GEYLANG,5 ROOM,27,BALAM RD,13 TO 15,126,Improved,1997,73 years 01 month,840000
2023-07,GEYLANG,5 ROOM,22,EUNOS CRES,04 TO 06,123,Standard,1977,53 years,590000
2023-07,GEYLANG,5 ROOM,15,EUNOS CRES,07 TO 09,117,Standard,1977,52 years 11 months,640000
2023-07,GEYLANG,5 ROOM,415,EUNOS RD 5,01 TO 03,142,Model A-Maisonette,1984,60 years 04 months,874888
2023-07,GEYLANG,5 ROOM,128,GEYLANG EAST AVE 1,01 TO 03,137,Model A,1983,59 years 03 months,830000
2023-07,GEYLANG,5 ROOM,128,GEYLANG EAST AVE 1,10 TO 12,132,Model A,1983,59 years 02 months,860000
2023-07,GEYLANG,5 ROOM,123,PAYA LEBAR WAY,01 TO 03,118,Improved,1980,56 years 03 months,628000
2023-07,GEYLANG,EXECUTIVE,132,GEYLANG EAST AVE 1,16 TO 18,146,Maisonette,1987,62 years 10 months,1028000
2023-07,GEYLANG,EXECUTIVE,334,UBI AVE 1,01 TO 03,146,Maisonette,1986,62 years,818000
2023-07,HOUGANG,3 ROOM,986A,BUANGKOK CRES,10 TO 12,67,Model A,2012,88 years,440000
2023-07,HOUGANG,3 ROOM,529,HOUGANG AVE 6,04 TO 06,74,Model A,1987,63 years,372888
2023-07,HOUGANG,3 ROOM,631,HOUGANG AVE 8,07 TO 09,60,Improved,1985,61 years 02 months,371000
2023-07,HOUGANG,3 ROOM,677,HOUGANG AVE 8,04 TO 06,64,Simplified,1988,64 years 05 months,396000
2023-07,HOUGANG,4 ROOM,992B,BUANGKOK LINK,07 TO 09,93,Model A,2019,95 years,598000
2023-07,HOUGANG,4 ROOM,232,HOUGANG AVE 1,13 TO 15,104,Model A,1984,60 years 05 months,590000
2023-07,HOUGANG,4 ROOM,167,HOUGANG AVE 1,01 TO 03,101,Model A,1997,73 years 05 months,502500
2023-07,HOUGANG,4 ROOM,169,HOUGANG AVE 1,01 TO 03,103,Model A,1997,73 years 07 months,520000
2023-07,HOUGANG,4 ROOM,172,HOUGANG AVE 1,10 TO 12,101,Model A,1997,73 years 07 months,510888
2023-07,HOUGANG,4 ROOM,24,HOUGANG AVE 3,07 TO 09,92,New Generation,1978,53 years 11 months,475000
2023-07,HOUGANG,4 ROOM,23,HOUGANG AVE 3,07 TO 09,98,New Generation,1978,53 years 11 months,440888
2023-07,HOUGANG,4 ROOM,361,HOUGANG AVE 5,04 TO 06,104,Model A,1992,68 years 04 months,525000
2023-07,HOUGANG,4 ROOM,328,HOUGANG AVE 5,01 TO 03,93,New Generation,1983,59 years 02 months,455000
2023-07,HOUGANG,4 ROOM,319,HOUGANG AVE 5,01 TO 03,93,New Generation,1983,59 years 02 months,468000
2023-07,HOUGANG,4 ROOM,422,HOUGANG AVE 6,07 TO 09,105,Model A,1990,65 years 08 months,615000
2023-07,HOUGANG,4 ROOM,929,HOUGANG ST 91,13 TO 15,100,Model A,1998,74 years 02 months,588000
2023-07,HOUGANG,4 ROOM,939,HOUGANG ST 92,07 TO 09,101,Model A,1998,73 years 07 months,560000
2023-07,HOUGANG,4 ROOM,473B,UPP SERANGOON CRES,13 TO 15,93,Model A,2017,93 years 01 month,620000
2023-07,HOUGANG,4 ROOM,475A,UPP SERANGOON CRES,07 TO 09,92,DBSS,2014,90 years 05 months,712000
2023-07,HOUGANG,4 ROOM,471A,UPP SERANGOON CRES,04 TO 06,92,Model A,2015,90 years 11 months,578000
2023-07,HOUGANG,4 ROOM,473A,UPP SERANGOON CRES,16 TO 18,93,Model A,2017,93 years,658000
2023-07,HOUGANG,4 ROOM,470B,UPP SERANGOON CRES,10 TO 12,92,Model A,2015,90 years 11 months,630000
2023-07,HOUGANG,4 ROOM,365A,UPP SERANGOON RD,10 TO 12,93,Model A,2018,93 years 08 months,739888
2023-07,HOUGANG,5 ROOM,997C,BUANGKOK CRES,04 TO 06,113,Improved,2018,94 years 06 months,680000
2023-07,HOUGANG,5 ROOM,997C,BUANGKOK CRES,04 TO 06,113,Improved,2018,94 years 05 months,700000
2023-07,HOUGANG,5 ROOM,997C,BUANGKOK CRES,13 TO 15,113,Improved,2018,94 years 05 months,760000
2023-07,HOUGANG,5 ROOM,997C,BUANGKOK CRES,16 TO 18,113,Improved,2018,94 years 05 months,750000
2023-07,HOUGANG,5 ROOM,238,HOUGANG AVE 1,10 TO 12,138,Model A-Maisonette,1984,60 years 02 months,905000
2023-07,HOUGANG,5 ROOM,360,HOUGANG AVE 5,10 TO 12,125,Improved,1992,68 years 04 months,715000
2023-07,HOUGANG,5 ROOM,964,HOUGANG AVE 9,07 TO 09,121,Improved,1999,75 years 03 months,638888
2023-07,HOUGANG,5 ROOM,475D,UPP SERANGOON CRES,13 TO 15,112,DBSS,2014,90 years 05 months,875000
2023-07,HOUGANG,5 ROOM,477B,UPP SERANGOON VIEW,16 TO 18,112,Premium Apartment,2016,91 years 09 months,882000
2023-07,HOUGANG,EXECUTIVE,577,HOUGANG AVE 4,10 TO 12,139,Apartment,1997,73 years 05 months,800000
2023-07,HOUGANG,EXECUTIVE,357,HOUGANG AVE 7,10 TO 12,145,Apartment,1985,60 years 09 months,838888.88
2023-07,HOUGANG,EXECUTIVE,357,HOUGANG AVE 7,04 TO 06,148,Maisonette,1985,60 years 09 months,885000
2023-07,HOUGANG,EXECUTIVE,560,HOUGANG ST 51,07 TO 09,143,Apartment,1992,68 years 04 months,820000
2023-07,HOUGANG,EXECUTIVE,128,LOR AH SOO,04 TO 06,142,Apartment,1984,60 years 01 month,845000
2023-07,JURONG EAST,3 ROOM,210,JURONG EAST ST 21,04 TO 06,67,New Generation,1983,59 years 01 month,355000
2023-07,JURONG EAST,3 ROOM,214,JURONG EAST ST 21,07 TO 09,67,New Generation,1983,58 years 09 months,390000
2023-07,JURONG EAST,3 ROOM,214,JURONG EAST ST 21,07 TO 09,67,New Generation,1983,58 years 09 months,383500
2023-07,JURONG EAST,3 ROOM,245,JURONG EAST ST 24,01 TO 03,67,New Generation,1982,58 years 02 months,358000
2023-07,JURONG EAST,3 ROOM,250,JURONG EAST ST 24,10 TO 12,67,New Generation,1986,62 years 01 month,380000
2023-07,JURONG EAST,3 ROOM,23,TEBAN GDNS RD,37 TO 39,72,Model A,2013,89 years 03 months,468000
2023-07,JURONG EAST,4 ROOM,314,JURONG EAST ST 32,13 TO 15,104,Model A,1984,60 years,475000
2023-07,JURONG EAST,4 ROOM,284,TOH GUAN RD,04 TO 06,101,Model A,1998,74 years 06 months,520103
2023-07,JURONG EAST,5 ROOM,103,JURONG EAST ST 13,10 TO 12,120,Improved,1982,58 years 05 months,670000
2023-07,JURONG EAST,5 ROOM,201,JURONG EAST ST 21,04 TO 06,120,Improved,1989,64 years 10 months,625000
2023-07,JURONG EAST,5 ROOM,309,JURONG EAST ST 32,10 TO 12,131,Model A,1983,59 years 01 month,580000
2023-07,JURONG EAST,5 ROOM,307,JURONG EAST ST 32,07 TO 09,136,Model A,1984,60 years 04 months,600000
2023-07,JURONG EAST,5 ROOM,286D,TOH GUAN RD,01 TO 03,123,Improved,1999,74 years 07 months,660000
2023-07,JURONG EAST,5 ROOM,286D,TOH GUAN RD,13 TO 15,123,Improved,1999,74 years 08 months,788000
2023-07,JURONG EAST,EXECUTIVE,287C,JURONG EAST ST 21,04 TO 06,143,Apartment,1998,74 years 04 months,938888
2023-07,JURONG EAST,EXECUTIVE,288C,JURONG EAST ST 21,13 TO 15,142,Maisonette,2000,75 years 10 months,950000
2023-07,JURONG WEST,2 ROOM,140B,CORPORATION DR,10 TO 12,47,Model A,2019,95 years,300000
2023-07,JURONG WEST,3 ROOM,175,BOON LAY DR,07 TO 09,59,Improved,1978,54 years 01 month,300000
2023-07,JURONG WEST,3 ROOM,176,BOON LAY DR,07 TO 09,59,Improved,1978,54 years 01 month,300000
2023-07,JURONG WEST,3 ROOM,180A,BOON LAY DR,04 TO 06,68,Model A,2014,89 years 11 months,426888
2023-07,JURONG WEST,3 ROOM,140A,CORPORATION DR,16 TO 18,68,Model A,2019,95 years,430000
2023-07,JURONG WEST,3 ROOM,485,JURONG WEST AVE 1,04 TO 06,73,Model A,1984,60 years 02 months,380000
2023-07,JURONG WEST,3 ROOM,440,JURONG WEST AVE 1,01 TO 03,81,Model A,1985,60 years 11 months,385000
2023-07,JURONG WEST,3 ROOM,462,JURONG WEST ST 41,01 TO 03,73,Model A,1984,60 years,385000
2023-07,JURONG WEST,3 ROOM,530,JURONG WEST ST 52,10 TO 12,67,New Generation,1983,59 years 03 months,370000
2023-07,JURONG WEST,3 ROOM,511,JURONG WEST ST 52,04 TO 06,74,Model A,1984,59 years 09 months,408000
2023-07,JURONG WEST,3 ROOM,122,YUAN CHING RD,04 TO 06,61,Improved,1974,50 years 01 month,296000
2023-07,JURONG WEST,4 ROOM,196B,BOON LAY DR,01 TO 03,93,Model A,2015,90 years 10 months,577000
2023-07,JURONG WEST,4 ROOM,180C,BOON LAY DR,01 TO 03,93,Model A,2014,90 years,525000
2023-07,JURONG WEST,4 ROOM,689,JURONG WEST CTRL 1,01 TO 03,99,Premium Apartment,1998,73 years 11 months,522000
2023-07,JURONG WEST,4 ROOM,450,JURONG WEST ST 42,07 TO 09,107,Model A,1985,60 years 11 months,483888
2023-07,JURONG WEST,4 ROOM,655A,JURONG WEST ST 61,10 TO 12,87,Model A2,2002,78 years 05 months,478000
2023-07,JURONG WEST,4 ROOM,637,JURONG WEST ST 61,13 TO 15,90,Model A,2004,79 years 10 months,500000
2023-07,JURONG WEST,4 ROOM,649A,JURONG WEST ST 61,04 TO 06,91,Model A,2000,76 years 04 months,493000
2023-07,JURONG WEST,4 ROOM,676A,JURONG WEST ST 64,16 TO 18,91,Premium Apartment,2008,84 years,518000
2023-07,JURONG WEST,4 ROOM,617,JURONG WEST ST 65,01 TO 03,85,Model A2,2000,76 years 05 months,453000
2023-07,JURONG WEST,4 ROOM,667B,JURONG WEST ST 65,04 TO 06,90,Model A,2000,76 years 01 month,476000
2023-07,JURONG WEST,4 ROOM,835,JURONG WEST ST 81,04 TO 06,104,Model A,1989,65 years 05 months,483000
2023-07,JURONG WEST,4 ROOM,961,JURONG WEST ST 92,07 TO 09,103,Model A,1989,65 years 03 months,470888
2023-07,JURONG WEST,4 ROOM,355,KANG CHING RD,07 TO 09,101,Model A,1997,72 years 07 months,523888
2023-07,JURONG WEST,4 ROOM,166B,YUNG KUANG RD,01 TO 03,93,Model A,2018,94 years 05 months,515000
2023-07,JURONG WEST,4 ROOM,155,YUNG LOH RD,01 TO 03,107,Model A,1996,71 years 07 months,471000
2023-07,JURONG WEST,5 ROOM,197C,BOON LAY DR,16 TO 18,113,Improved,2015,90 years 10 months,763888
2023-07,JURONG WEST,5 ROOM,444,JURONG WEST AVE 1,07 TO 09,133,Model A,1985,60 years 09 months,580000
2023-07,JURONG WEST,5 ROOM,273A,JURONG WEST AVE 3,07 TO 09,111,Improved,2001,77 years 06 months,530000
2023-07,JURONG WEST,5 ROOM,273C,JURONG WEST AVE 3,07 TO 09,111,Improved,2001,77 years 06 months,512000
2023-07,JURONG WEST,5 ROOM,691,JURONG WEST CTRL 1,04 TO 06,119,Premium Apartment,1998,73 years 11 months,650000
2023-07,JURONG WEST,5 ROOM,691,JURONG WEST CTRL 1,10 TO 12,118,Premium Apartment,1998,73 years 11 months,670000
2023-07,JURONG WEST,5 ROOM,275D,JURONG WEST ST 25,04 TO 06,111,Improved,2002,77 years 07 months,500000
2023-07,JURONG WEST,5 ROOM,404,JURONG WEST ST 42,01 TO 03,134,Model A,1984,60 years 04 months,580000
2023-07,JURONG WEST,5 ROOM,555,JURONG WEST ST 42,04 TO 06,135,Model A,1985,60 years 11 months,610000
2023-07,JURONG WEST,5 ROOM,654B,JURONG WEST ST 61,16 TO 18,110,Improved,2002,78 years 03 months,595000
2023-07,JURONG WEST,5 ROOM,645,JURONG WEST ST 61,04 TO 06,121,Improved,1998,74 years 03 months,582000
2023-07,JURONG WEST,5 ROOM,654A,JURONG WEST ST 61,01 TO 03,111,Improved,2002,78 years 03 months,530000
2023-07,JURONG WEST,5 ROOM,660D,JURONG WEST ST 64,01 TO 03,110,Improved,2001,77 years 03 months,615888
2023-07,JURONG WEST,5 ROOM,678B,JURONG WEST ST 64,07 TO 09,110,Premium Apartment,2008,84 years,585888
2023-07,JURONG WEST,5 ROOM,659D,JURONG WEST ST 65,10 TO 12,110,Improved,2001,77 years 01 month,620000
2023-07,JURONG WEST,5 ROOM,635,JURONG WEST ST 65,10 TO 12,110,Improved,2001,77 years 06 months,580000
2023-07,JURONG WEST,5 ROOM,703,JURONG WEST ST 71,04 TO 06,136,Model A,1995,71 years 01 month,630000
2023-07,JURONG WEST,5 ROOM,732,JURONG WEST ST 73,04 TO 06,123,Improved,1995,71 years,560000
2023-07,JURONG WEST,5 ROOM,989B,JURONG WEST ST 93,13 TO 15,112,Premium Apartment,2008,84 years 02 months,568000
2023-07,JURONG WEST,5 ROOM,987A,JURONG WEST ST 93,04 TO 06,110,Premium Apartment,2008,84 years 02 months,580000
2023-07,JURONG WEST,5 ROOM,346,KANG CHING RD,07 TO 09,121,Improved,1997,72 years 11 months,615000
2023-07,JURONG WEST,5 ROOM,165B,YUNG KUANG RD,07 TO 09,113,Improved,2018,94 years 04 months,700000
2023-07,JURONG WEST,EXECUTIVE,681A,JURONG WEST CTRL 1,13 TO 15,134,Premium Apartment,2000,76 years,735000
2023-07,JURONG WEST,EXECUTIVE,405,JURONG WEST ST 42,01 TO 03,150,Maisonette,1985,61 years 03 months,620000
2023-07,JURONG WEST,EXECUTIVE,671B,JURONG WEST ST 65,10 TO 12,125,Apartment,2002,78 years 01 month,695000
2023-07,JURONG WEST,EXECUTIVE,626,JURONG WEST ST 65,13 TO 15,130,Apartment,2001,77 years 02 months,690000
2023-07,KALLANG/WHAMPOA,3 ROOM,10A,BENDEMEER RD,16 TO 18,68,Model A,2017,93 years 06 months,715888
2023-07,KALLANG/WHAMPOA,3 ROOM,45,BENDEMEER RD,01 TO 03,66,Improved,1972,47 years 07 months,346000
2023-07,KALLANG/WHAMPOA,3 ROOM,68,GEYLANG BAHRU,04 TO 06,65,Improved,1974,50 years 02 months,328000
2023-07,KALLANG/WHAMPOA,3 ROOM,72,GEYLANG BAHRU,01 TO 03,59,Improved,1974,49 years 09 months,330000
2023-07,KALLANG/WHAMPOA,3 ROOM,10,GLOUCESTER RD,07 TO 09,67,New Generation,1976,52 years 05 months,440000
2023-07,KALLANG/WHAMPOA,3 ROOM,34,WHAMPOA WEST,10 TO 12,68,Improved,1972,47 years 07 months,399000
2023-07,KALLANG/WHAMPOA,4 ROOM,10C,BENDEMEER RD,19 TO 21,93,Model A,2017,93 years 06 months,940000
2023-07,KALLANG/WHAMPOA,4 ROOM,39A,BENDEMEER RD,07 TO 09,92,Model A,2012,88 years,800000
2023-07,KALLANG/WHAMPOA,4 ROOM,7,BOON KENG RD,22 TO 24,94,DBSS,2011,86 years 07 months,975000
2023-07,KALLANG/WHAMPOA,4 ROOM,466,CRAWFORD LANE,07 TO 09,82,Improved,1982,58 years 03 months,600000
2023-07,KALLANG/WHAMPOA,4 ROOM,117B,JLN TENTERAM,13 TO 15,93,Model A,2017,93 years 05 months,788000
2023-07,KALLANG/WHAMPOA,4 ROOM,117A,JLN TENTERAM,16 TO 18,93,Model A,2017,93 years 06 months,810000
2023-07,KALLANG/WHAMPOA,4 ROOM,116B,JLN TENTERAM,19 TO 21,93,Model A,2017,93 years 05 months,790800
2023-07,KALLANG/WHAMPOA,4 ROOM,113C,MCNAIR RD,22 TO 24,93,Premium Apartment,2017,93 years 07 months,1040000
2023-07,KALLANG/WHAMPOA,4 ROOM,8C,UPP BOON KENG RD,19 TO 21,88,Premium Apartment,2017,93 years 01 month,928000
2023-07,KALLANG/WHAMPOA,4 ROOM,8B,UPP BOON KENG RD,04 TO 06,95,Premium Apartment,2017,93 years 01 month,968000
2023-07,KALLANG/WHAMPOA,5 ROOM,40,CAMBRIDGE RD,07 TO 09,120,Improved,1997,73 years 02 months,852800
2023-07,KALLANG/WHAMPOA,5 ROOM,102,JLN DUSUN,16 TO 18,118,Improved,1981,57 years 06 months,790000
2023-07,KALLANG/WHAMPOA,5 ROOM,108C,MCNAIR RD,25 TO 27,119,Improved,2005,80 years 07 months,1068000
2023-07,MARINE PARADE,3 ROOM,8,MARINE TER,04 TO 06,76,Improved,1975,50 years 08 months,485500
2023-07,MARINE PARADE,4 ROOM,63,MARINE DR,10 TO 12,87,Improved,1976,51 years 07 months,640000
2023-07,MARINE PARADE,4 ROOM,17,MARINE TER,13 TO 15,82,Improved,1975,50 years 09 months,540000
2023-07,MARINE PARADE,4 ROOM,18,MARINE TER,07 TO 09,88,Improved,1975,50 years 09 months,535000
2023-07,PASIR RIS,4 ROOM,530C,PASIR RIS DR 1,13 TO 15,86,DBSS,2015,91 years,810000
2023-07,PASIR RIS,4 ROOM,626,PASIR RIS DR 3,01 TO 03,104,Model A,1995,71 years 02 months,535000
2023-07,PASIR RIS,4 ROOM,414,PASIR RIS DR 6,01 TO 03,113,Model A,1990,65 years 09 months,553000
2023-07,PASIR RIS,4 ROOM,450,PASIR RIS DR 6,04 TO 06,105,Model A,1989,65 years 02 months,520000
2023-07,PASIR RIS,4 ROOM,229,PASIR RIS ST 21,01 TO 03,107,Model A,1993,69 years 01 month,505000
2023-07,PASIR RIS,4 ROOM,551,PASIR RIS ST 51,04 TO 06,103,Model A,1992,68 years 07 months,575000
2023-07,PASIR RIS,4 ROOM,526A,PASIR RIS ST 51,07 TO 09,93,Model A,2015,91 years 01 month,658000
2023-07,PASIR RIS,4 ROOM,746,PASIR RIS ST 71,07 TO 09,105,Model A,1996,72 years 05 months,568000
2023-07,PASIR RIS,5 ROOM,640,PASIR RIS DR 1,10 TO 12,122,Improved,1995,70 years 10 months,660000
2023-07,PASIR RIS,5 ROOM,638,PASIR RIS DR 1,07 TO 09,123,Improved,1995,70 years 10 months,650000
2023-07,PASIR RIS,5 ROOM,125,PASIR RIS ST 11,10 TO 12,128,Improved,1989,64 years 09 months,671000
2023-07,PASIR RIS,5 ROOM,112,PASIR RIS ST 11,10 TO 12,131,Improved,1990,65 years 11 months,675000
2023-07,PASIR RIS,5 ROOM,180,PASIR RIS ST 11,13 TO 15,123,Improved,1993,69 years 02 months,638000
2023-07,PASIR RIS,5 ROOM,186,PASIR RIS ST 11,13 TO 15,124,Improved,1993,69 years 01 month,672000
2023-07,PASIR RIS,5 ROOM,149,PASIR RIS ST 13,04 TO 06,128,Improved,1995,70 years 08 months,625000
2023-07,PASIR RIS,5 ROOM,214,PASIR RIS ST 21,04 TO 06,128,Improved,1993,69 years 01 month,590000
2023-07,PASIR RIS,5 ROOM,551,PASIR RIS ST 51,04 TO 06,123,Improved,1992,68 years 07 months,635000
2023-07,PASIR RIS,5 ROOM,554,PASIR RIS ST 51,10 TO 12,123,Improved,1992,68 years 06 months,750000
2023-07,PASIR RIS,5 ROOM,519,PASIR RIS ST 52,04 TO 06,124,Improved,1993,69 years 06 months,680000
2023-07,PASIR RIS,5 ROOM,751,PASIR RIS ST 71,13 TO 15,134,Model A,1996,72 years 05 months,680000
2023-07,PASIR RIS,EXECUTIVE,422,PASIR RIS DR 6,04 TO 06,145,Maisonette,1989,65 years 04 months,802000
2023-07,PASIR RIS,EXECUTIVE,133,PASIR RIS ST 11,01 TO 03,147,Apartment,1994,70 years 04 months,722000
2023-07,PASIR RIS,EXECUTIVE,242,PASIR RIS ST 21,01 TO 03,150,Apartment,1993,69 years 02 months,760000
2023-07,PASIR RIS,EXECUTIVE,500,PASIR RIS ST 52,10 TO 12,146,Apartment,1993,69 years 07 months,835000
2023-07,PASIR RIS,EXECUTIVE,501,PASIR RIS ST 52,01 TO 03,145,Apartment,1993,69 years 06 months,838000
2023-07,PASIR RIS,EXECUTIVE,509,PASIR RIS ST 52,13 TO 15,146,Apartment,1993,69 years 03 months,845000
2023-07,PUNGGOL,2 ROOM,622A,PUNGGOL CTRL,07 TO 09,46,Model A,2014,89 years 10 months,335000
2023-07,PUNGGOL,3 ROOM,682C,EDGEDALE PLAINS,01 TO 03,68,Premium Apartment,2018,94 years 02 months,475000
2023-07,PUNGGOL,3 ROOM,662B,EDGEDALE PLAINS,07 TO 09,67,Premium Apartment,2017,92 years 11 months,470000
2023-07,PUNGGOL,3 ROOM,670A,EDGEFIELD PLAINS,07 TO 09,68,Premium Apartment,2016,92 years,465000
2023-07,PUNGGOL,3 ROOM,622A,PUNGGOL CTRL,07 TO 09,69,Model A,2014,89 years 10 months,480000
2023-07,PUNGGOL,3 ROOM,664A,PUNGGOL DR,01 TO 03,65,Model A,2016,92 years,440000
2023-07,PUNGGOL,3 ROOM,210C,PUNGGOL PL,16 TO 18,67,Model A,2014,90 years 07 months,478000
2023-07,PUNGGOL,3 ROOM,316A,PUNGGOL WAY,04 TO 06,68,Premium Apartment,2017,93 years 03 months,460000
2023-07,PUNGGOL,3 ROOM,220B,SUMANG LANE,13 TO 15,68,Model A,2018,94 years 07 months,443000
2023-07,PUNGGOL,3 ROOM,220A,SUMANG LANE,16 TO 18,68,Model A,2018,94 years 06 months,475000
2023-07,PUNGGOL,3 ROOM,220B,SUMANG LANE,04 TO 06,68,Model A,2018,94 years 07 months,445000
2023-07,PUNGGOL,3 ROOM,312A,SUMANG LINK,13 TO 15,68,Model A,2015,91 years,480000
2023-07,PUNGGOL,3 ROOM,327A,SUMANG WALK,01 TO 03,68,Model A,2018,94 years 06 months,450000
2023-07,PUNGGOL,4 ROOM,120A,EDGEDALE PLAINS,13 TO 15,93,Model A,2017,92 years 11 months,570000
2023-07,PUNGGOL,4 ROOM,684A,EDGEDALE PLAINS,07 TO 09,93,Premium Apartment,2018,94 years 02 months,650000
2023-07,PUNGGOL,4 ROOM,614A,EDGEFIELD PLAINS,07 TO 09,92,Model A,2012,88 years 06 months,582000
2023-07,PUNGGOL,4 ROOM,176D,EDGEFIELD PLAINS,04 TO 06,85,Model A,2003,79 years 04 months,470000
2023-07,PUNGGOL,4 ROOM,668B,EDGEFIELD PLAINS,01 TO 03,93,Premium Apartment,2016,92 years 01 month,555000
2023-07,PUNGGOL,4 ROOM,297,PUNGGOL CTRL,04 TO 06,95,Premium Apartment,2003,79 years 04 months,538000
2023-07,PUNGGOL,4 ROOM,623A,PUNGGOL CTRL,07 TO 09,95,Model A,2014,89 years 11 months,568888
2023-07,PUNGGOL,4 ROOM,303A,PUNGGOL CTRL,10 TO 12,93,Premium Apartment,2010,86 years 02 months,630000
2023-07,PUNGGOL,4 ROOM,166B,PUNGGOL CTRL,16 TO 18,95,Premium Apartment,2004,79 years 11 months,580000
2023-07,PUNGGOL,4 ROOM,619D,PUNGGOL DR,01 TO 03,93,Premium Apartment,2013,89 years 03 months,535000
2023-07,PUNGGOL,4 ROOM,612A,PUNGGOL DR,04 TO 06,93,Model A,2012,88 years 06 months,580000
2023-07,PUNGGOL,4 ROOM,664A,PUNGGOL DR,13 TO 15,90,Model A,2016,92 years,588000
2023-07,PUNGGOL,4 ROOM,666B,PUNGGOL DR,13 TO 15,93,Premium Apartment,2016,91 years 08 months,638000
2023-07,PUNGGOL,4 ROOM,270B,PUNGGOL FIELD,13 TO 15,93,Premium Apartment,2013,88 years 07 months,670000
2023-07,PUNGGOL,4 ROOM,259A,PUNGGOL FIELD,13 TO 15,93,Model A,2016,92 years 01 month,590000
2023-07,PUNGGOL,4 ROOM,102D,PUNGGOL FIELD,04 TO 06,90,Model A,2002,78 years 05 months,505000
2023-07,PUNGGOL,4 ROOM,268D,PUNGGOL FIELD,13 TO 15,97,Premium Apartment,2013,88 years 08 months,693000
2023-07,PUNGGOL,4 ROOM,270B,PUNGGOL FIELD,04 TO 06,99,Premium Apartment,2013,88 years 07 months,700000
2023-07,PUNGGOL,4 ROOM,259C,PUNGGOL FIELD,07 TO 09,93,Model A,2016,92 years,585000
2023-07,PUNGGOL,4 ROOM,204C,PUNGGOL FIELD,04 TO 06,90,Model A,2004,80 years 05 months,506000
2023-07,PUNGGOL,4 ROOM,268B,PUNGGOL FIELD,13 TO 15,93,Premium Apartment,2013,88 years 07 months,690000
2023-07,PUNGGOL,4 ROOM,128A,PUNGGOL FIELD WALK,04 TO 06,91,Model A,2003,79 years 01 month,500000
2023-07,PUNGGOL,4 ROOM,128C,PUNGGOL FIELD WALK,13 TO 15,85,Model A,2003,79 years,500000
2023-07,PUNGGOL,4 ROOM,273D,PUNGGOL PL,16 TO 18,96,Premium Apartment,2013,89 years 02 months,618000
2023-07,PUNGGOL,4 ROOM,209A,PUNGGOL PL,01 TO 03,92,Model A,2014,90 years 06 months,538000
2023-07,PUNGGOL,4 ROOM,308A,PUNGGOL WALK,13 TO 15,92,Premium Apartment,2016,91 years 10 months,680000
2023-07,PUNGGOL,4 ROOM,310B,PUNGGOL WALK,10 TO 12,92,Premium Apartment,2016,92 years,610000
2023-07,PUNGGOL,4 ROOM,308C,PUNGGOL WALK,01 TO 03,92,Premium Apartment,2016,91 years 10 months,575000
2023-07,PUNGGOL,4 ROOM,315B,PUNGGOL WAY,04 TO 06,93,Premium Apartment,2017,93 years 03 months,607000
2023-07,PUNGGOL,4 ROOM,264A,PUNGGOL WAY,13 TO 15,92,Model A,2015,91 years,655000
2023-07,PUNGGOL,4 ROOM,221B,SUMANG LANE,04 TO 06,93,Model A,2018,94 years 07 months,550000
2023-07,PUNGGOL,4 ROOM,226B,SUMANG LANE,07 TO 09,93,Premium Apartment,2018,93 years 09 months,580000
2023-07,PUNGGOL,4 ROOM,234B,SUMANG LANE,16 TO 18,93,Model A,2018,94 years 05 months,570000
2023-07,PUNGGOL,4 ROOM,322B,SUMANG WALK,10 TO 12,93,Premium Apartment,2019,94 years 10 months,630000
2023-07,PUNGGOL,4 ROOM,322D,SUMANG WALK,19 TO 21,93,Premium Apartment,2019,94 years 09 months,662000
2023-07,PUNGGOL,4 ROOM,322D,SUMANG WALK,10 TO 12,93,Premium Apartment,2019,94 years 10 months,664888
2023-07,PUNGGOL,4 ROOM,217A,SUMANG WALK,13 TO 15,92,Model A,2017,93 years 01 month,598000
2023-07,PUNGGOL,4 ROOM,322A,SUMANG WALK,07 TO 09,93,Premium Apartment,2019,94 years 09 months,660000
2023-07,PUNGGOL,5 ROOM,684A,EDGEDALE PLAINS,07 TO 09,113,Premium Apartment,2018,94 years 02 months,770000
2023-07,PUNGGOL,5 ROOM,683C,EDGEDALE PLAINS,04 TO 06,113,Premium Apartment,2018,94 years 02 months,762800
2023-07,PUNGGOL,5 ROOM,661B,EDGEDALE PLAINS,04 TO 06,112,Premium Apartment,2017,93 years,665000
2023-07,PUNGGOL,5 ROOM,107A,EDGEFIELD PLAINS,01 TO 03,110,Improved,2003,78 years 08 months,568000
2023-07,PUNGGOL,5 ROOM,103C,EDGEFIELD PLAINS,13 TO 15,110,Improved,2003,78 years 11 months,600000
2023-07,PUNGGOL,5 ROOM,645,PUNGGOL CTRL,10 TO 12,110,Premium Apartment,2005,80 years 08 months,595000
2023-07,PUNGGOL,5 ROOM,163A,PUNGGOL CTRL,01 TO 03,114,Premium Apartment,2004,80 years,593000
2023-07,PUNGGOL,5 ROOM,637D,PUNGGOL DR,07 TO 09,111,Premium Apartment,2005,80 years 08 months,575000
2023-07,PUNGGOL,5 ROOM,642C,PUNGGOL DR,10 TO 12,110,Premium Apartment,2005,80 years 07 months,600000
2023-07,PUNGGOL,5 ROOM,175C,PUNGGOL FIELD,04 TO 06,110,Improved,2003,79 years 03 months,550000
2023-07,PUNGGOL,5 ROOM,101B,PUNGGOL FIELD,10 TO 12,110,Improved,2002,78 years 04 months,602888
2023-07,PUNGGOL,5 ROOM,269C,PUNGGOL FIELD,01 TO 03,112,Premium Apartment,2013,88 years 07 months,745000
2023-07,PUNGGOL,5 ROOM,102C,PUNGGOL FIELD,13 TO 15,110,Improved,2002,78 years 05 months,595000
2023-07,PUNGGOL,5 ROOM,173A,PUNGGOL FIELD,10 TO 12,110,Improved,2003,79 years 06 months,595000
2023-07,PUNGGOL,5 ROOM,308B,PUNGGOL WALK,07 TO 09,112,Premium Apartment,2016,91 years 09 months,798000
2023-07,PUNGGOL,5 ROOM,310A,PUNGGOL WALK,07 TO 09,112,Premium Apartment,2016,92 years,778000
2023-07,PUNGGOL,5 ROOM,312C,SUMANG LINK,10 TO 12,112,Improved,2015,91 years 01 month,770000
2023-07,PUNGGOL,5 ROOM,322D,SUMANG WALK,04 TO 06,116,Premium Apartment,2019,94 years 09 months,860000
2023-07,PUNGGOL,5 ROOM,217B,SUMANG WALK,10 TO 12,112,Improved,2017,93 years 01 month,720000
2023-07,PUNGGOL,EXECUTIVE,118,EDGEFIELD PLAINS,10 TO 12,130,Premium Apartment,2003,79 years,725000
2023-07,QUEENSTOWN,2 ROOM,51,C'WEALTH DR,07 TO 09,47,Model A,2015,90 years 10 months,425000
2023-07,QUEENSTOWN,3 ROOM,100,C'WEALTH CRES,01 TO 03,59,Standard,1970,46 years,320000
2023-07,QUEENSTOWN,3 ROOM,113,C'WEALTH CRES,07 TO 09,60,Standard,1969,44 years 07 months,330000
2023-07,QUEENSTOWN,3 ROOM,51,C'WEALTH DR,13 TO 15,63,Model A,2015,90 years 08 months,642800
2023-07,QUEENSTOWN,3 ROOM,4,HOLLAND CL,19 TO 21,65,Improved,1974,49 years 11 months,435000
2023-07,QUEENSTOWN,3 ROOM,169,STIRLING RD,13 TO 15,70,Improved,1970,46 years 01 month,392000
2023-07,QUEENSTOWN,4 ROOM,86,DAWSON RD,04 TO 06,87,Premium Apartment,2016,92 years 02 months,860000
2023-07,QUEENSTOWN,4 ROOM,87,DAWSON RD,28 TO 30,83,Premium Apartment,2016,92 years 02 months,931888
2023-07,QUEENSTOWN,4 ROOM,88,DAWSON RD,19 TO 21,87,Premium Apartment,2016,92 years 02 months,930000
2023-07,QUEENSTOWN,4 ROOM,28B,DOVER CRES,40 TO 42,88,Model A,2012,87 years 10 months,865000
2023-07,QUEENSTOWN,4 ROOM,30,GHIM MOH LINK,19 TO 21,93,Model A,2018,94 years,960000
2023-07,QUEENSTOWN,4 ROOM,22,GHIM MOH LINK,25 TO 27,92,Model A,2013,88 years 10 months,935000
2023-07,QUEENSTOWN,4 ROOM,27,GHIM MOH LINK,34 TO 36,87,Model A,2013,88 years 10 months,930000
2023-07,QUEENSTOWN,4 ROOM,30,HOLLAND CL,22 TO 24,105,Model A,1997,73 years 04 months,928000
2023-07,QUEENSTOWN,4 ROOM,181,STIRLING RD,07 TO 09,96,Model A,2000,76 years 03 months,833000
2023-07,QUEENSTOWN,4 ROOM,89,TANGLIN HALT RD,34 TO 36,90,Model A,2008,84 years 02 months,946588
2023-07,QUEENSTOWN,5 ROOM,12,DOVER CL EAST,16 TO 18,117,Standard,1978,53 years 08 months,870000
2023-07,QUEENSTOWN,5 ROOM,14,GHIM MOH RD,07 TO 09,117,Standard,1977,52 years 08 months,825000
2023-07,SEMBAWANG,2 ROOM,366A,SEMBAWANG CRES,10 TO 12,48,Model A,2019,94 years 11 months,330000
2023-07,SEMBAWANG,3 ROOM,104A,CANBERRA ST,07 TO 09,67,Model A,2018,94 years 02 months,445000
2023-07,SEMBAWANG,3 ROOM,591A,MONTREAL LINK,10 TO 12,68,Model A,2015,90 years 10 months,408000
2023-07,SEMBAWANG,4 ROOM,357A,ADMIRALTY DR,13 TO 15,95,Premium Apartment,2001,77 years 01 month,535888
2023-07,SEMBAWANG,4 ROOM,130B,CANBERRA CRES,01 TO 03,93,Model A,2018,94 years 04 months,600000
2023-07,SEMBAWANG,4 ROOM,107A,CANBERRA ST,07 TO 09,93,Model A,2018,94 years 01 month,575000
2023-07,SEMBAWANG,4 ROOM,107B,CANBERRA ST,07 TO 09,93,Model A,2018,94 years 01 month,575000
2023-07,SEMBAWANG,4 ROOM,128C,CANBERRA ST,04 TO 06,93,Model A,2018,94 years 04 months,590000
2023-07,SEMBAWANG,4 ROOM,128A,CANBERRA ST,04 TO 06,93,Model A,2018,94 years 04 months,566000
2023-07,SEMBAWANG,4 ROOM,128C,CANBERRA ST,01 TO 03,93,Model A,2018,94 years 05 months,531888
2023-07,SEMBAWANG,4 ROOM,589B,MONTREAL DR,13 TO 15,85,Model A2,2002,78 years 06 months,480000
2023-07,SEMBAWANG,4 ROOM,592B,MONTREAL LINK,16 TO 18,93,Model A,2015,90 years 11 months,555000
2023-07,SEMBAWANG,4 ROOM,592C,MONTREAL LINK,04 TO 06,93,Model A,2015,90 years 10 months,530000
2023-07,SEMBAWANG,4 ROOM,362A,SEMBAWANG CRES,16 TO 18,93,Model A,2019,95 years,560000
2023-07,SEMBAWANG,4 ROOM,362A,SEMBAWANG CRES,04 TO 06,93,Model A,2019,94 years 11 months,550000
2023-07,SEMBAWANG,4 ROOM,366B,SEMBAWANG CRES,13 TO 15,93,Model A,2019,94 years 11 months,565000
2023-07,SEMBAWANG,4 ROOM,365B,SEMBAWANG CRES,04 TO 06,93,Model A,2019,94 years 11 months,556888
2023-07,SEMBAWANG,4 ROOM,476,SEMBAWANG DR,13 TO 15,91,Model A,2000,76 years 03 months,460000
2023-07,SEMBAWANG,5 ROOM,357A,ADMIRALTY DR,13 TO 15,111,Premium Apartment,2001,77 years,565000
2023-07,SEMBAWANG,5 ROOM,467B,ADMIRALTY DR,04 TO 06,118,Premium Apartment,2001,77 years 01 month,525000
2023-07,SEMBAWANG,5 ROOM,402,ADMIRALTY LINK,07 TO 09,110,Improved,2001,76 years 10 months,540000
2023-07,SEMBAWANG,5 ROOM,307,CANBERRA RD,07 TO 09,121,Improved,1998,74 years 04 months,605000
2023-07,SEMBAWANG,5 ROOM,351B,CANBERRA RD,07 TO 09,110,Improved,2001,77 years 04 months,625800
2023-07,SEMBAWANG,5 ROOM,351C,CANBERRA RD,10 TO 12,110,Improved,2001,77 years 04 months,600000
2023-07,SEMBAWANG,5 ROOM,108B,CANBERRA WALK,04 TO 06,113,Improved,2018,93 years 11 months,712000
2023-07,SEMBAWANG,5 ROOM,470,SEMBAWANG DR,01 TO 03,110,Improved,2000,76 years 04 months,502000
2023-07,SEMBAWANG,EXECUTIVE,310,CANBERRA RD,07 TO 09,142,Maisonette,1998,74 years 04 months,786000
2023-07,SENGKANG,2 ROOM,418A,FERNVALE LINK,13 TO 15,38,Model A,2018,94 years 01 month,360000
2023-07,SENGKANG,2 ROOM,443C,FERNVALE RD,10 TO 12,47,Model A,2012,88 years 05 months,371888
2023-07,SENGKANG,3 ROOM,334C,ANCHORVALE CRES,07 TO 09,67,Premium Apartment,2015,91 years 06 months,465000
2023-07,SENGKANG,3 ROOM,445A,FERNVALE RD,19 TO 21,68,Model A,2012,88 years 06 months,468000
2023-07,SENGKANG,3 ROOM,448B,SENGKANG WEST WAY,25 TO 27,67,Model A,2014,90 years 01 month,488888
2023-07,SENGKANG,4 ROOM,336B,ANCHORVALE CRES,10 TO 12,92,Premium Apartment,2015,91 years 06 months,629888
2023-07,SENGKANG,4 ROOM,334B,ANCHORVALE CRES,10 TO 12,95,Premium Apartment,2015,91 years 06 months,610000
2023-07,SENGKANG,4 ROOM,319A,ANCHORVALE DR,01 TO 03,90,Model A,2002,78 years 04 months,485000
2023-07,SENGKANG,4 ROOM,321B,ANCHORVALE DR,04 TO 06,90,Model A,2002,77 years 09 months,538888
2023-07,SENGKANG,4 ROOM,351A,ANCHORVALE RD,10 TO 12,92,Model A,2019,94 years 11 months,568000
2023-07,SENGKANG,4 ROOM,274B,COMPASSVALE BOW,10 TO 12,92,Model A,2017,93 years 05 months,722888
2023-07,SENGKANG,4 ROOM,278C,COMPASSVALE BOW,10 TO 12,92,Model A,2017,93 years 05 months,728000
2023-07,SENGKANG,4 ROOM,227C,COMPASSVALE DR,13 TO 15,102,Model A,2000,75 years 07 months,558000
2023-07,SENGKANG,4 ROOM,206A,COMPASSVALE LANE,01 TO 03,102,Model A,1999,75 years 01 month,520000
2023-07,SENGKANG,4 ROOM,213B,COMPASSVALE LANE,10 TO 12,95,Premium Apartment,2012,88 years 04 months,590000
2023-07,SENGKANG,4 ROOM,273B,COMPASSVALE LINK,01 TO 03,90,Premium Apartment,2009,85 years 02 months,583000
2023-07,SENGKANG,4 ROOM,259C,COMPASSVALE RD,10 TO 12,90,Model A,2000,76 years 07 months,558000
2023-07,SENGKANG,4 ROOM,297A,COMPASSVALE ST,01 TO 03,94,Premium Apartment,2001,77 years 03 months,485000
2023-07,SENGKANG,4 ROOM,297A,COMPASSVALE ST,10 TO 12,94,Premium Apartment,2001,77 years 03 months,518000
2023-07,SENGKANG,4 ROOM,226A,COMPASSVALE WALK,13 TO 15,102,Model A,1999,75 years 07 months,555000
2023-07,SENGKANG,4 ROOM,404A,FERNVALE LANE,16 TO 18,93,Premium Apartment,2004,79 years 11 months,552000
2023-07,SENGKANG,4 ROOM,418B,FERNVALE LINK,07 TO 09,94,Model A,2018,94 years 01 month,630000
2023-07,SENGKANG,4 ROOM,417A,FERNVALE LINK,04 TO 06,94,Model A,2018,94 years 01 month,605000
2023-07,SENGKANG,4 ROOM,415C,FERNVALE LINK,04 TO 06,93,Model A,2016,91 years 07 months,538000
2023-07,SENGKANG,4 ROOM,470A,FERNVALE LINK,07 TO 09,93,Model A,2016,92 years 03 months,575000
2023-07,SENGKANG,4 ROOM,435A,FERNVALE RD,10 TO 12,94,Premium Apartment,2013,89 years,590000
2023-07,SENGKANG,4 ROOM,407B,FERNVALE RD,22 TO 24,91,Premium Apartment,2005,80 years 08 months,540000
2023-07,SENGKANG,4 ROOM,406A,FERNVALE RD,07 TO 09,90,Premium Apartment,2004,80 years 05 months,491000
2023-07,SENGKANG,4 ROOM,410C,FERNVALE RD,19 TO 21,96,Premium Apartment,2012,88 years 06 months,595000
2023-07,SENGKANG,4 ROOM,436A,FERNVALE RD,07 TO 09,96,Model A,2010,85 years 09 months,535000
2023-07,SENGKANG,4 ROOM,436B,FERNVALE RD,13 TO 15,96,Model A,2010,85 years 09 months,582888
2023-07,SENGKANG,4 ROOM,472C,FERNVALE ST,13 TO 15,93,Model A,2016,92 years 03 months,588000
2023-07,SENGKANG,4 ROOM,185B,RIVERVALE CRES,07 TO 09,90,Model A2,2000,76 years 07 months,475000
2023-07,SENGKANG,4 ROOM,150,RIVERVALE CRES,10 TO 12,90,Model A,2005,81 years 06 months,508000
2023-07,SENGKANG,4 ROOM,184C,RIVERVALE CRES,13 TO 15,85,Model A2,2003,79 years,462888
2023-07,SENGKANG,4 ROOM,124B,RIVERVALE DR,04 TO 06,92,Model A2,1999,75 years 02 months,488000
2023-07,SENGKANG,4 ROOM,106,RIVERVALE WALK,04 TO 06,101,Model A,1999,74 years 08 months,525000
2023-07,SENGKANG,4 ROOM,105,RIVERVALE WALK,07 TO 09,102,Model A,1999,74 years 10 months,500000
2023-07,SENGKANG,4 ROOM,272B,SENGKANG CTRL,01 TO 03,90,Premium Apartment,2009,85 years 06 months,640000
2023-07,SENGKANG,4 ROOM,271B,SENGKANG CTRL,13 TO 15,93,Premium Apartment,2010,86 years,740000
2023-07,SENGKANG,4 ROOM,270A,SENGKANG CTRL,13 TO 15,93,Premium Apartment,2010,85 years 11 months,718888
2023-07,SENGKANG,4 ROOM,325A,SENGKANG EAST WAY,04 TO 06,90,Model A,2003,78 years 09 months,525000
2023-07,SENGKANG,4 ROOM,448A,SENGKANG WEST WAY,10 TO 12,92,Model A,2014,90 years 01 month,540000
2023-07,SENGKANG,5 ROOM,336C,ANCHORVALE CRES,07 TO 09,115,Premium Apartment,2015,91 years 06 months,758000
2023-07,SENGKANG,5 ROOM,331A,ANCHORVALE ST,10 TO 12,112,Improved,2015,91 years 02 months,720000
2023-07,SENGKANG,5 ROOM,296A,COMPASSVALE CRES,01 TO 03,110,Improved,2002,77 years 08 months,520000
2023-07,SENGKANG,5 ROOM,215B,COMPASSVALE DR,04 TO 06,112,Premium Apartment,2017,93 years,852000
2023-07,SENGKANG,5 ROOM,257A,COMPASSVALE RD,13 TO 15,110,Improved,2000,76 years 07 months,703888
2023-07,SENGKANG,5 ROOM,297A,COMPASSVALE ST,01 TO 03,115,Premium Apartment,2001,77 years 02 months,540000
2023-07,SENGKANG,5 ROOM,232,COMPASSVALE WALK,01 TO 03,123,Improved,1999,75 years 02 months,550000
2023-07,SENGKANG,5 ROOM,236,COMPASSVALE WALK,10 TO 12,123,Improved,1999,75 years 01 month,620000
2023-07,SENGKANG,5 ROOM,416C,FERNVALE LINK,04 TO 06,113,Improved,2016,91 years 07 months,698000
2023-07,SENGKANG,5 ROOM,415C,FERNVALE LINK,13 TO 15,112,Improved,2016,91 years 07 months,756000
2023-07,SENGKANG,5 ROOM,468A,FERNVALE LINK,13 TO 15,113,Improved,2016,92 years 02 months,671000
2023-07,SENGKANG,5 ROOM,409A,FERNVALE RD,16 TO 18,115,Premium Apartment,2004,80 years 06 months,565000
2023-07,SENGKANG,5 ROOM,157C,RIVERVALE CRES,01 TO 03,110,Premium Apartment,2003,79 years 04 months,520000
2023-07,SENGKANG,5 ROOM,152,RIVERVALE CRES,07 TO 09,110,Improved,2005,81 years 06 months,620000
2023-07,SENGKANG,5 ROOM,148,RIVERVALE CRES,13 TO 15,122,Improved,1999,75 years 02 months,620000
2023-07,SENGKANG,5 ROOM,157D,RIVERVALE CRES,10 TO 12,110,Premium Apartment,2003,79 years 05 months,570000
2023-07,SENGKANG,5 ROOM,186B,RIVERVALE DR,13 TO 15,110,Improved,2001,76 years 08 months,560000
2023-07,SENGKANG,5 ROOM,113,RIVERVALE WALK,01 TO 03,122,Improved,1998,74 years 06 months,602888
2023-07,SENGKANG,5 ROOM,260A,SENGKANG EAST WAY,01 TO 03,110,Improved,2001,76 years 07 months,650000
2023-07,SENGKANG,EXECUTIVE,298A,COMPASSVALE ST,16 TO 18,134,Premium Apartment,2001,77 years 02 months,748000
2023-07,SENGKANG,EXECUTIVE,189B,RIVERVALE DR,04 TO 06,131,Apartment,2000,76 years 01 month,655000
2023-07,SENGKANG,EXECUTIVE,135,RIVERVALE ST,10 TO 12,142,Apartment,1998,74 years 06 months,750000
2023-07,SENGKANG,EXECUTIVE,102,RIVERVALE WALK,07 TO 09,142,Maisonette,1999,74 years 09 months,870000
2023-07,SERANGOON,3 ROOM,323,SERANGOON AVE 3,10 TO 12,64,Simplified,1985,61 years 06 months,488000
2023-07,SERANGOON,3 ROOM,210,SERANGOON CTRL,10 TO 12,64,Simplified,1985,61 years 03 months,478000
2023-07,SERANGOON,3 ROOM,107,SERANGOON NTH AVE 1,04 TO 06,70,Improved,1984,60 years 03 months,382000
2023-07,SERANGOON,4 ROOM,240,SERANGOON AVE 2,10 TO 12,104,Model A,1985,61 years 01 month,770000
2023-07,SERANGOON,4 ROOM,328,SERANGOON AVE 3,07 TO 09,84,Simplified,1986,61 years 11 months,588000
2023-07,SERANGOON,4 ROOM,412,SERANGOON CTRL,01 TO 03,111,Model A,1989,64 years 10 months,755000
2023-07,SERANGOON,4 ROOM,153,SERANGOON NTH AVE 1,01 TO 03,86,Simplified,1986,62 years 01 month,450000
2023-07,SERANGOON,4 ROOM,529,SERANGOON NTH AVE 4,04 TO 06,108,Model A,1992,68 years 05 months,545000
2023-07,SERANGOON,4 ROOM,541,SERANGOON NTH AVE 4,10 TO 12,104,Model A,1992,68 years 05 months,550000
2023-07,SERANGOON,5 ROOM,312,SERANGOON AVE 2,10 TO 12,121,Improved,1985,61 years 02 months,800000
2023-07,SERANGOON,5 ROOM,421,SERANGOON CTRL,04 TO 06,121,Improved,1989,65 years,875000
2023-07,SERANGOON,5 ROOM,412,SERANGOON CTRL,07 TO 09,121,Improved,1989,64 years 08 months,836888
2023-07,SERANGOON,5 ROOM,257,SERANGOON CTRL DR,13 TO 15,115,Improved,1999,74 years 11 months,868000
2023-07,SERANGOON,5 ROOM,137,SERANGOON NTH AVE 2,01 TO 03,121,Improved,1989,65 years 05 months,650000
2023-07,SERANGOON,5 ROOM,135,SERANGOON NTH AVE 2,07 TO 09,126,Improved,1989,64 years 11 months,666000
2023-07,SERANGOON,5 ROOM,500,SERANGOON NTH AVE 4,01 TO 03,124,Improved,1992,68 years 05 months,620000
2023-07,SERANGOON,EXECUTIVE,543,SERANGOON NTH AVE 3,10 TO 12,139,Apartment,1997,73 years 05 months,839000
2023-07,TAMPINES,3 ROOM,802,TAMPINES AVE 4,01 TO 03,68,New Generation,1984,60 years 01 month,385000
2023-07,TAMPINES,3 ROOM,524B,TAMPINES CTRL 7,04 TO 06,67,Model A,2015,91 years 02 months,502000
2023-07,TAMPINES,3 ROOM,206,TAMPINES ST 21,04 TO 06,75,Model A,1982,58 years 02 months,440000
2023-07,TAMPINES,3 ROOM,259,TAMPINES ST 21,04 TO 06,74,Model A,1985,60 years 08 months,420000
2023-07,TAMPINES,3 ROOM,286,TAMPINES ST 22,07 TO 09,74,Model A,1984,60 years,420000
2023-07,TAMPINES,3 ROOM,280,TAMPINES ST 22,04 TO 06,74,Model A,1984,60 years 01 month,425000
2023-07,TAMPINES,3 ROOM,283,TAMPINES ST 22,07 TO 09,74,Model A,1984,60 years 03 months,415000
2023-07,TAMPINES,3 ROOM,219,TAMPINES ST 24,10 TO 12,73,Model A,1985,60 years 08 months,420000
2023-07,TAMPINES,3 ROOM,418,TAMPINES ST 41,10 TO 12,74,Model A,1985,61 years 01 month,438000
2023-07,TAMPINES,3 ROOM,407,TAMPINES ST 41,10 TO 12,60,Improved,1985,61 years 05 months,393000
2023-07,TAMPINES,3 ROOM,445,TAMPINES ST 42,01 TO 03,64,Simplified,1986,61 years 09 months,406000
2023-07,TAMPINES,3 ROOM,436,TAMPINES ST 43,01 TO 03,74,Model A,1986,62 years 04 months,399000
2023-07,TAMPINES,3 ROOM,465,TAMPINES ST 44,10 TO 12,74,Model A,1987,62 years 11 months,410000
2023-07,TAMPINES,3 ROOM,899A,TAMPINES ST 81,04 TO 06,74,Model A,1988,64 years 03 months,430000
2023-07,TAMPINES,3 ROOM,883,TAMPINES ST 84,07 TO 09,74,Model A,1988,63 years 11 months,430000
2023-07,TAMPINES,4 ROOM,124,SIMEI ST 1,10 TO 12,84,Simplified,1988,63 years 08 months,500000
2023-07,TAMPINES,4 ROOM,124,SIMEI ST 1,01 TO 03,84,Simplified,1988,63 years 09 months,500000
2023-07,TAMPINES,4 ROOM,150,SIMEI ST 1,04 TO 06,84,Simplified,1987,63 years 06 months,502000
2023-07,TAMPINES,4 ROOM,227,SIMEI ST 4,04 TO 06,104,Model A,1988,64 years 01 month,595000
2023-07,TAMPINES,4 ROOM,522A,TAMPINES CTRL 7,10 TO 12,93,Model A,2015,91 years 03 months,710000
2023-07,TAMPINES,4 ROOM,101,TAMPINES ST 11,07 TO 09,105,Model A,1982,57 years 09 months,515000
2023-07,TAMPINES,4 ROOM,141,TAMPINES ST 12,04 TO 06,103,Model A,1984,60 years 03 months,565000
2023-07,TAMPINES,4 ROOM,272,TAMPINES ST 22,01 TO 03,103,Model A,1984,60 years 01 month,538000
2023-07,TAMPINES,4 ROOM,273,TAMPINES ST 22,01 TO 03,103,Model A,1984,60 years 01 month,560000
2023-07,TAMPINES,4 ROOM,230B,TAMPINES ST 24,01 TO 03,107,Model A,1993,69 years 01 month,528000
2023-07,TAMPINES,4 ROOM,341,TAMPINES ST 33,04 TO 06,107,Model A,1995,71 years 06 months,520000
2023-07,TAMPINES,4 ROOM,346,TAMPINES ST 33,01 TO 03,107,Model A,1996,72 years,495000
2023-07,TAMPINES,4 ROOM,409,TAMPINES ST 41,04 TO 06,103,Model A,1986,62 years 05 months,575000
2023-07,TAMPINES,4 ROOM,494H,TAMPINES ST 45,04 TO 06,93,Model A,2018,94 years 06 months,618000
2023-07,TAMPINES,4 ROOM,494J,TAMPINES ST 45,07 TO 09,92,Model A,2018,94 years 05 months,675000
2023-07,TAMPINES,4 ROOM,730,TAMPINES ST 71,10 TO 12,103,Model A,1997,73 years 07 months,575000
2023-07,TAMPINES,4 ROOM,703,TAMPINES ST 71,10 TO 12,100,Model A,1997,73 years 02 months,615000
2023-07,TAMPINES,4 ROOM,733,TAMPINES ST 71,13 TO 15,103,Model A,1997,73 years 01 month,545000
2023-07,TAMPINES,4 ROOM,727,TAMPINES ST 71,04 TO 06,104,Model A,1997,73 years 03 months,600000
2023-07,TAMPINES,4 ROOM,856,TAMPINES ST 82,07 TO 09,84,Simplified,1986,61 years 11 months,508000
2023-07,TAMPINES,4 ROOM,832,TAMPINES ST 82,13 TO 15,84,Simplified,1984,60 years 06 months,535000
2023-07,TAMPINES,4 ROOM,845,TAMPINES ST 83,10 TO 12,105,Model A,1987,63 years 07 months,565000
2023-07,TAMPINES,4 ROOM,853,TAMPINES ST 83,10 TO 12,105,Model A,1987,63 years 06 months,568000
2023-07,TAMPINES,4 ROOM,881,TAMPINES ST 84,10 TO 12,103,Model A,1988,64 years 01 month,591888
2023-07,TAMPINES,4 ROOM,911,TAMPINES ST 91,01 TO 03,104,Model A,1984,60 years 01 month,560000
2023-07,TAMPINES,4 ROOM,935,TAMPINES ST 91,01 TO 03,113,Model A,1984,60 years 04 months,530000
2023-07,TAMPINES,4 ROOM,930,TAMPINES ST 91,07 TO 09,104,Model A,1984,60 years 06 months,600000
2023-07,TAMPINES,5 ROOM,101,SIMEI ST 1,01 TO 03,128,Improved,1988,64 years 03 months,680000
2023-07,TAMPINES,5 ROOM,130,SIMEI ST 1,01 TO 03,122,Improved,1987,63 years 05 months,650000
2023-07,TAMPINES,5 ROOM,110,SIMEI ST 1,04 TO 06,122,Improved,1988,64 years,670000
2023-07,TAMPINES,5 ROOM,145,SIMEI ST 2,04 TO 06,122,Improved,1988,63 years 10 months,700000
2023-07,TAMPINES,5 ROOM,815,TAMPINES AVE 4,07 TO 09,121,Improved,1985,60 years 09 months,688000
2023-07,TAMPINES,5 ROOM,815,TAMPINES AVE 4,10 TO 12,121,Improved,1985,60 years 09 months,693000
2023-07,TAMPINES,5 ROOM,945,TAMPINES AVE 4,04 TO 06,122,Improved,1988,64 years 01 month,670000
2023-07,TAMPINES,5 ROOM,492B,TAMPINES AVE 9,04 TO 06,122,Improved,1993,69 years 02 months,638000
2023-07,TAMPINES,5 ROOM,126,TAMPINES ST 11,10 TO 12,132,Model A,1985,61 years 04 months,670000
2023-07,TAMPINES,5 ROOM,114,TAMPINES ST 11,07 TO 09,133,Model A,1982,58 years 02 months,660000
2023-07,TAMPINES,5 ROOM,289,TAMPINES ST 22,07 TO 09,121,Improved,1985,60 years 10 months,600000
2023-07,TAMPINES,5 ROOM,294,TAMPINES ST 22,04 TO 06,130,Improved,1985,61 years,628000
2023-07,TAMPINES,5 ROOM,323,TAMPINES ST 33,10 TO 12,130,Improved,1995,71 years 02 months,745000
2023-07,TAMPINES,5 ROOM,372,TAMPINES ST 34,01 TO 03,124,Improved,1995,71 years 04 months,660000
2023-07,TAMPINES,5 ROOM,457,TAMPINES ST 42,01 TO 03,122,Improved,1986,62 years 04 months,600000
2023-07,TAMPINES,5 ROOM,484,TAMPINES ST 43,01 TO 03,132,Model A,1993,69 years 01 month,680000
2023-07,TAMPINES,5 ROOM,498G,TAMPINES ST 45,10 TO 12,124,Premium Apartment,1997,73 years 02 months,680000
2023-07,TAMPINES,5 ROOM,492C,TAMPINES ST 45,04 TO 06,124,Improved,1993,69 years 01 month,610000
2023-07,TAMPINES,5 ROOM,896,TAMPINES ST 81,01 TO 03,122,Improved,1988,64 years 05 months,640000
2023-07,TAMPINES,5 ROOM,874,TAMPINES ST 84,01 TO 03,121,Improved,1989,64 years 09 months,645000
2023-07,TAMPINES,5 ROOM,871C,TAMPINES ST 86,10 TO 12,114,Improved,2017,92 years 08 months,795000
2023-07,TAMPINES,5 ROOM,926,TAMPINES ST 91,07 TO 09,133,Model A,1983,59 years 07 months,670000
2023-07,TAMPINES,EXECUTIVE,245,TAMPINES ST 21,04 TO 06,151,Apartment,1984,60 years 06 months,900000
2023-07,TAMPINES,EXECUTIVE,431,TAMPINES ST 41,07 TO 09,152,Apartment,1986,61 years 08 months,800000
2023-07,TAMPINES,EXECUTIVE,428,TAMPINES ST 41,07 TO 09,148,Maisonette,1986,61 years 07 months,782000
2023-07,TAMPINES,EXECUTIVE,427,TAMPINES ST 41,13 TO 15,149,Apartment,1986,61 years 11 months,850000
2023-07,TAMPINES,EXECUTIVE,426,TAMPINES ST 41,04 TO 06,143,Apartment,1986,61 years 07 months,778888
2023-07,TAMPINES,EXECUTIVE,874A,TAMPINES ST 84,04 TO 06,149,Maisonette,1989,64 years 08 months,838000
2023-07,TOA PAYOH,2 ROOM,56,LOR 4 TOA PAYOH,01 TO 03,44,Standard,1967,43 years,280000
2023-07,TOA PAYOH,2 ROOM,52,LOR 6 TOA PAYOH,10 TO 12,43,Standard,1983,59 years,270000
2023-07,TOA PAYOH,3 ROOM,194,KIM KEAT AVE,07 TO 09,66,Improved,1973,49 years 01 month,360000
2023-07,TOA PAYOH,3 ROOM,111,LOR 1 TOA PAYOH,07 TO 09,66,Improved,1970,45 years 08 months,308000
2023-07,TOA PAYOH,3 ROOM,131B,LOR 1 TOA PAYOH,01 TO 03,68,Model A,2018,94 years 03 months,656888
2023-07,TOA PAYOH,3 ROOM,125,LOR 1 TOA PAYOH,07 TO 09,67,Improved,1970,45 years 07 months,360000
2023-07,TOA PAYOH,3 ROOM,131A,LOR 1 TOA PAYOH,16 TO 18,68,Model A,2018,94 years 02 months,737000
2023-07,TOA PAYOH,3 ROOM,130B,LOR 1 TOA PAYOH,28 TO 30,68,Model A,2018,94 years 02 months,680000
2023-07,TOA PAYOH,3 ROOM,85B,LOR 4 TOA PAYOH,07 TO 09,68,Improved,1972,47 years 08 months,390000
2023-07,TOA PAYOH,3 ROOM,20,LOR 7 TOA PAYOH,07 TO 09,67,Improved,1970,46 years 01 month,318000
2023-07,TOA PAYOH,3 ROOM,17,LOR 7 TOA PAYOH,01 TO 03,77,Improved,1971,46 years 08 months,355000
2023-07,TOA PAYOH,3 ROOM,20,LOR 7 TOA PAYOH,10 TO 12,67,Improved,1970,46 years 01 month,320000
2023-07,TOA PAYOH,3 ROOM,13,LOR 7 TOA PAYOH,07 TO 09,66,Improved,1970,46 years 01 month,326000
2023-07,TOA PAYOH,3 ROOM,20,LOR 7 TOA PAYOH,07 TO 09,67,Improved,1970,46 years 01 month,330000
2023-07,TOA PAYOH,3 ROOM,117,POTONG PASIR AVE 1,10 TO 12,67,New Generation,1984,60 years 05 months,402000
2023-07,TOA PAYOH,4 ROOM,258,KIM KEAT AVE,10 TO 12,103,Model A,1988,64 years 06 months,708000
2023-07,TOA PAYOH,4 ROOM,248,KIM KEAT LINK,04 TO 06,104,Model A,1989,64 years 09 months,690000
2023-07,TOA PAYOH,4 ROOM,139A,LOR 1A TOA PAYOH,10 TO 12,91,DBSS,2012,87 years 11 months,915000
2023-07,TOA PAYOH,4 ROOM,146,LOR 2 TOA PAYOH,07 TO 09,91,Model A,2006,81 years 07 months,885000
2023-07,TOA PAYOH,4 ROOM,11,LOR 8 TOA PAYOH,07 TO 09,100,Model A,1998,73 years 09 months,646000
2023-07,TOA PAYOH,4 ROOM,226,LOR 8 TOA PAYOH,04 TO 06,82,Improved,1976,51 years 11 months,468000
2023-07,TOA PAYOH,4 ROOM,108,POTONG PASIR AVE 1,04 TO 06,103,Model A,1984,60 years 01 month,658168
2023-07,TOA PAYOH,5 ROOM,251,KIM KEAT LINK,04 TO 06,127,Improved,1988,64 years 06 months,790000
2023-07,TOA PAYOH,5 ROOM,246,KIM KEAT LINK,07 TO 09,122,Improved,1989,64 years 09 months,748000
2023-07,TOA PAYOH,5 ROOM,138C,LOR 1A TOA PAYOH,34 TO 36,114,DBSS,2012,87 years 10 months,1380000
2023-07,TOA PAYOH,5 ROOM,45,LOR 5 TOA PAYOH,01 TO 03,125,Improved,1993,68 years 10 months,739000
2023-07,TOA PAYOH,5 ROOM,229,LOR 8 TOA PAYOH,13 TO 15,117,Standard,1976,52 years 04 months,605000
2023-07,WOODLANDS,2 ROOM,780F,WOODLANDS CRES,04 TO 06,47,Model A,2015,91 years 01 month,308000
2023-07,WOODLANDS,3 ROOM,22,MARSILING DR,07 TO 09,67,New Generation,1977,53 years,320000
2023-07,WOODLANDS,3 ROOM,22,MARSILING DR,01 TO 03,67,New Generation,1977,53 years,310000
2023-07,WOODLANDS,3 ROOM,129,MARSILING RISE,07 TO 09,69,Improved,1985,60 years 07 months,337000
2023-07,WOODLANDS,3 ROOM,693C,WOODLANDS AVE 6,01 TO 03,68,Model A,2018,94 years 04 months,430000
2023-07,WOODLANDS,4 ROOM,29,MARSILING DR,04 TO 06,98,New Generation,1979,55 years 04 months,400000
2023-07,WOODLANDS,4 ROOM,337,WOODLANDS AVE 1,07 TO 09,83,Simplified,1985,61 years 06 months,430888
2023-07,WOODLANDS,4 ROOM,331,WOODLANDS AVE 1,01 TO 03,103,Model A,1994,69 years 08 months,460000
2023-07,WOODLANDS,4 ROOM,616,WOODLANDS AVE 4,01 TO 03,102,Model A,1998,73 years 11 months,460000
2023-07,WOODLANDS,4 ROOM,793,WOODLANDS AVE 6,10 TO 12,100,Model A,1997,73 years 05 months,515000
2023-07,WOODLANDS,4 ROOM,693C,WOODLANDS AVE 6,04 TO 06,92,Model A,2018,94 years 04 months,570000
2023-07,WOODLANDS,4 ROOM,720,WOODLANDS AVE 6,07 TO 09,100,Model A,1997,72 years 11 months,520000
2023-07,WOODLANDS,4 ROOM,760,WOODLANDS AVE 6,10 TO 12,103,Model A,1998,73 years 08 months,480000
2023-07,WOODLANDS,4 ROOM,743,WOODLANDS CIRCLE,10 TO 12,91,Model A2,1997,73 years 04 months,468000
2023-07,WOODLANDS,4 ROOM,787D,WOODLANDS CRES,07 TO 09,100,Model A,1997,73 years 04 months,465000
2023-07,WOODLANDS,4 ROOM,780E,WOODLANDS CRES,13 TO 15,92,Model A,2015,91 years 02 months,518000
2023-07,WOODLANDS,4 ROOM,503,WOODLANDS DR 14,04 TO 06,101,Model A,1998,74 years 06 months,477500
2023-07,WOODLANDS,4 ROOM,506,WOODLANDS DR 14,04 TO 06,101,Model A,1999,74 years 08 months,485000
2023-07,WOODLANDS,4 ROOM,573A,WOODLANDS DR 16,07 TO 09,93,Model A,2018,94 years 01 month,575000
2023-07,WOODLANDS,4 ROOM,574A,WOODLANDS DR 16,04 TO 06,93,Model A,2018,94 years,555888
2023-07,WOODLANDS,4 ROOM,579,WOODLANDS DR 16,04 TO 06,90,Model A,2001,76 years 10 months,455000
2023-07,WOODLANDS,4 ROOM,895B,WOODLANDS DR 50,07 TO 09,99,Model A,1997,72 years 09 months,505000
2023-07,WOODLANDS,4 ROOM,895B,WOODLANDS DR 50,10 TO 12,97,Model A,1997,72 years 09 months,500000
2023-07,WOODLANDS,4 ROOM,889D,WOODLANDS DR 50,10 TO 12,93,Model A,2017,93 years 01 month,605000
2023-07,WOODLANDS,4 ROOM,786E,WOODLANDS DR 60,07 TO 09,91,Model A2,1997,73 years 03 months,465000
2023-07,WOODLANDS,4 ROOM,773,WOODLANDS DR 60,07 TO 09,93,Model A2,1997,73 years 04 months,470000
2023-07,WOODLANDS,4 ROOM,682D,WOODLANDS DR 73,07 TO 09,105,Premium Apartment,2000,75 years 08 months,515000
2023-07,WOODLANDS,4 ROOM,667,WOODLANDS RING RD,10 TO 12,90,Model A,2001,76 years 07 months,475000
2023-07,WOODLANDS,4 ROOM,640,WOODLANDS RING RD,10 TO 12,102,Model A,1999,75 years 01 month,495000
2023-07,WOODLANDS,4 ROOM,633,WOODLANDS RING RD,01 TO 03,101,Model A,1999,75 years 03 months,460000
2023-07,WOODLANDS,4 ROOM,784A,WOODLANDS RISE,04 TO 06,93,Model A,2018,94 years 02 months,515000
2023-07,WOODLANDS,4 ROOM,783D,WOODLANDS RISE,07 TO 09,93,Model A,2018,94 years 01 month,541500
2023-07,WOODLANDS,4 ROOM,329,WOODLANDS ST 32,01 TO 03,84,Simplified,1989,65 years 05 months,410000
2023-07,WOODLANDS,4 ROOM,843,WOODLANDS ST 82,04 TO 06,84,Simplified,1994,70 years 01 month,455000
2023-07,WOODLANDS,4 ROOM,874,WOODLANDS ST 82,04 TO 06,108,Model A,1996,71 years 09 months,500000
2023-07,WOODLANDS,4 ROOM,857,WOODLANDS ST 83,10 TO 12,105,Model A,1996,71 years 10 months,498000
2023-07,WOODLANDS,5 ROOM,36,MARSILING DR,04 TO 06,124,Standard,1978,53 years 10 months,485000
2023-07,WOODLANDS,5 ROOM,722,WOODLANDS AVE 6,04 TO 06,121,Improved,1997,73 years 02 months,575000
2023-07,WOODLANDS,5 ROOM,761,WOODLANDS AVE 6,10 TO 12,122,Improved,1998,73 years 08 months,600000
2023-07,WOODLANDS,5 ROOM,878,WOODLANDS AVE 9,10 TO 12,125,Improved,1996,72 years,603000
2023-07,WOODLANDS,5 ROOM,767,WOODLANDS CIRCLE,04 TO 06,111,Improved,2003,79 years 03 months,555000
2023-07,WOODLANDS,5 ROOM,782B,WOODLANDS CRES,10 TO 12,112,Improved,2015,91 years,618000
2023-07,WOODLANDS,5 ROOM,782D,WOODLANDS CRES,13 TO 15,112,Improved,2015,91 years 01 month,615000
2023-07,WOODLANDS,5 ROOM,777,WOODLANDS CRES,07 TO 09,120,Improved,1998,73 years 08 months,562000
2023-07,WOODLANDS,5 ROOM,512,WOODLANDS DR 14,07 TO 09,128,Premium Apartment,1999,74 years 09 months,655000
2023-07,WOODLANDS,5 ROOM,518,WOODLANDS DR 14,10 TO 12,126,Premium Apartment,2000,76 years 03 months,640000
2023-07,WOODLANDS,5 ROOM,584,WOODLANDS DR 16,04 TO 06,110,Improved,2001,77 years 01 month,550000
2023-07,WOODLANDS,5 ROOM,624B,WOODLANDS DR 52,10 TO 12,122,Improved,1998,74 years 05 months,565000
2023-07,WOODLANDS,5 ROOM,623,WOODLANDS DR 52,07 TO 09,121,Improved,1998,74 years 03 months,575000
2023-07,WOODLANDS,5 ROOM,694A,WOODLANDS DR 62,10 TO 12,113,Improved,2018,94 years 03 months,718000
2023-07,WOODLANDS,5 ROOM,681A,WOODLANDS DR 62,07 TO 09,120,Premium Apartment,2000,75 years 08 months,620000
2023-07,WOODLANDS,5 ROOM,691D,WOODLANDS DR 73,04 TO 06,113,Improved,2018,94 years 01 month,625000
2023-07,WOODLANDS,5 ROOM,685B,WOODLANDS DR 73,13 TO 15,113,Premium Apartment,2002,78 years 06 months,588000
2023-07,WOODLANDS,5 ROOM,691C,WOODLANDS DR 73,01 TO 03,113,Improved,2018,94 years,638000
2023-07,WOODLANDS,5 ROOM,691B,WOODLANDS DR 73,07 TO 09,113,Improved,2018,94 years,685000
2023-07,WOODLANDS,5 ROOM,690C,WOODLANDS DR 75,04 TO 06,110,Premium Apartment,2004,79 years 07 months,535000
2023-07,WOODLANDS,5 ROOM,638,WOODLANDS RING RD,04 TO 06,121,Improved,1999,75 years 02 months,600000
2023-07,WOODLANDS,5 ROOM,821,WOODLANDS ST 82,10 TO 12,136,Model A,1995,70 years 09 months,666000
2023-07,WOODLANDS,5 ROOM,858,WOODLANDS ST 83,04 TO 06,129,Improved,1996,71 years 09 months,600000
2023-07,WOODLANDS,5 ROOM,857,WOODLANDS ST 83,10 TO 12,126,Improved,1996,71 years 09 months,613000
2023-07,WOODLANDS,EXECUTIVE,134,MARSILING RD,07 TO 09,170,Apartment,1995,70 years 11 months,885000
2023-07,WOODLANDS,EXECUTIVE,357,WOODLANDS AVE 5,01 TO 03,141,Apartment,1996,72 years 02 months,700000
2023-07,WOODLANDS,EXECUTIVE,583,WOODLANDS DR 16,10 TO 12,131,Apartment,2001,76 years 11 months,725000
2023-07,WOODLANDS,EXECUTIVE,650,WOODLANDS RING RD,01 TO 03,141,Maisonette,1998,74 years,758000
2023-07,WOODLANDS,EXECUTIVE,637,WOODLANDS RING RD,10 TO 12,142,Maisonette,1999,75 years 03 months,790000
2023-07,WOODLANDS,EXECUTIVE,656,WOODLANDS RING RD,10 TO 12,143,Maisonette,1998,73 years 09 months,810000
2023-07,WOODLANDS,EXECUTIVE,816,WOODLANDS ST 82,04 TO 06,177,Apartment,1994,70 years 06 months,930000
2023-07,WOODLANDS,EXECUTIVE,848,WOODLANDS ST 82,10 TO 12,177,Apartment,1995,70 years 09 months,938000
2023-07,WOODLANDS,EXECUTIVE,866,WOODLANDS ST 83,04 TO 06,146,Apartment,1996,71 years 09 months,750000
2023-07,YISHUN,2 ROOM,675A,YISHUN AVE 4,07 TO 09,38,Model A,2018,94 years 05 months,330000
2023-07,YISHUN,2 ROOM,677A,YISHUN RING RD,13 TO 15,47,Model A,2018,94 years 04 months,330000
2023-07,YISHUN,3 ROOM,671B,YISHUN AVE 4,01 TO 03,68,Model A,2018,93 years 08 months,410000
2023-07,YISHUN,3 ROOM,741,YISHUN AVE 5,07 TO 09,67,New Generation,1985,60 years 07 months,400800
2023-07,YISHUN,3 ROOM,287,YISHUN AVE 6,10 TO 12,74,Model A,1985,61 years 02 months,400000
2023-07,YISHUN,3 ROOM,286,YISHUN AVE 6,10 TO 12,74,Model A,1987,63 years 01 month,387000
2023-07,YISHUN,3 ROOM,106,YISHUN RING RD,01 TO 03,67,New Generation,1978,53 years 08 months,355000
2023-07,YISHUN,3 ROOM,796A,YISHUN RING RD,04 TO 06,64,Simplified,1986,62 years 07 months,385000
2023-07,YISHUN,3 ROOM,157,YISHUN ST 11,10 TO 12,82,New Generation,1985,61 years 05 months,380000
2023-07,YISHUN,3 ROOM,220,YISHUN ST 21,07 TO 09,67,New Generation,1985,61 years 05 months,370000
2023-07,YISHUN,3 ROOM,208,YISHUN ST 21,01 TO 03,67,New Generation,1985,61 years 04 months,385000
2023-07,YISHUN,3 ROOM,266,YISHUN ST 22,01 TO 03,74,Model A,1987,62 years 09 months,380000
2023-07,YISHUN,3 ROOM,505A,YISHUN ST 51,07 TO 09,68,Model A,2016,91 years 11 months,402000
2023-07,YISHUN,4 ROOM,430A,YISHUN AVE 11,13 TO 15,92,Model A,2015,91 years 07 months,530000
2023-07,YISHUN,4 ROOM,348D,YISHUN AVE 11,13 TO 15,92,DBSS,2013,89 years 03 months,720000
2023-07,YISHUN,4 ROOM,428A,YISHUN AVE 11,04 TO 06,92,Model A,2015,90 years 09 months,538000
2023-07,YISHUN,4 ROOM,784,YISHUN AVE 2,04 TO 06,105,Model A,1987,63 years 06 months,500000
2023-07,YISHUN,4 ROOM,672C,YISHUN AVE 4,07 TO 09,93,Model A,2018,93 years 08 months,555000
2023-07,YISHUN,4 ROOM,675B,YISHUN AVE 4,04 TO 06,93,Model A,2018,94 years 06 months,581000
2023-07,YISHUN,4 ROOM,394,YISHUN AVE 6,10 TO 12,104,Model A,1989,65 years 03 months,485000
2023-07,YISHUN,4 ROOM,389,YISHUN AVE 6,04 TO 06,84,Simplified,1988,63 years 11 months,410000
2023-07,YISHUN,4 ROOM,174,YISHUN AVE 7,07 TO 09,84,Simplified,1987,63 years 06 months,405000
2023-07,YISHUN,4 ROOM,245,YISHUN AVE 9,07 TO 09,84,Simplified,1985,60 years 11 months,400000
2023-07,YISHUN,4 ROOM,620,YISHUN RING RD,01 TO 03,83,Simplified,1987,63 years 06 months,460000
2023-07,YISHUN,4 ROOM,312,YISHUN RING RD,10 TO 12,84,Simplified,1987,62 years 11 months,430000
2023-07,YISHUN,4 ROOM,314,YISHUN RING RD,04 TO 06,105,Model A,1995,70 years 08 months,510000
2023-07,YISHUN,4 ROOM,207,YISHUN ST 21,01 TO 03,93,New Generation,1985,60 years 10 months,465000
2023-07,YISHUN,4 ROOM,215,YISHUN ST 21,07 TO 09,93,New Generation,1985,60 years 07 months,520000
2023-07,YISHUN,4 ROOM,259,YISHUN ST 22,10 TO 12,84,Simplified,1986,62 years,410000
2023-07,YISHUN,4 ROOM,334A,YISHUN ST 31,07 TO 09,92,Model A,2015,91 years 05 months,536000
2023-07,YISHUN,4 ROOM,457,YISHUN ST 41,04 TO 06,93,Model A,2013,89 years 03 months,515000
2023-07,YISHUN,4 ROOM,502B,YISHUN ST 51,01 TO 03,92,Model A,2018,93 years 08 months,515000
2023-07,YISHUN,4 ROOM,511B,YISHUN ST 51,07 TO 09,93,Model A,2017,93 years 03 months,560000
2023-07,YISHUN,4 ROOM,513B,YISHUN ST 51,10 TO 12,93,Model A,2018,93 years 08 months,558000
2023-07,YISHUN,4 ROOM,504C,YISHUN ST 51,04 TO 06,93,Model A,2016,91 years 09 months,530000
2023-07,YISHUN,4 ROOM,646,YISHUN ST 61,10 TO 12,84,Simplified,1987,63 years 02 months,438000
2023-07,YISHUN,4 ROOM,640,YISHUN ST 61,10 TO 12,91,New Generation,1992,68 years,485000
2023-07,YISHUN,4 ROOM,638,YISHUN ST 61,10 TO 12,104,Model A,1987,62 years 10 months,485000
2023-07,YISHUN,4 ROOM,819,YISHUN ST 81,01 TO 03,108,Model A,1987,63 years 04 months,510000
2023-07,YISHUN,4 ROOM,879,YISHUN ST 81,01 TO 03,84,Simplified,1987,63 years 04 months,420000
2023-07,YISHUN,5 ROOM,349,YISHUN AVE 11,01 TO 03,121,Improved,1988,64 years 02 months,625000
2023-07,YISHUN,5 ROOM,657,YISHUN AVE 4,10 TO 12,121,Improved,1987,63 years 06 months,626000
2023-07,YISHUN,5 ROOM,674B,YISHUN AVE 4,10 TO 12,112,Improved,2018,94 years 05 months,715000
2023-07,YISHUN,5 ROOM,674A,YISHUN AVE 4,04 TO 06,112,Improved,2018,94 years 05 months,670000
2023-07,YISHUN,5 ROOM,674A,YISHUN AVE 4,10 TO 12,112,Improved,2018,94 years 05 months,735000
2023-07,YISHUN,5 ROOM,674B,YISHUN AVE 4,07 TO 09,112,Improved,2018,94 years 05 months,720000
2023-07,YISHUN,5 ROOM,305,YISHUN CTRL,07 TO 09,122,Improved,1988,63 years 09 months,660000
2023-07,YISHUN,5 ROOM,809,YISHUN RING RD,07 TO 09,121,Improved,1987,62 years 10 months,650888
2023-07,YISHUN,5 ROOM,677B,YISHUN RING RD,10 TO 12,113,Improved,2018,94 years 04 months,730000
2023-07,YISHUN,5 ROOM,240,YISHUN RING RD,04 TO 06,122,Improved,1985,61 years 01 month,540000
2023-07,YISHUN,5 ROOM,299,YISHUN ST 20,04 TO 06,111,Improved,2000,76 years 05 months,595000
2023-07,YISHUN,5 ROOM,504B,YISHUN ST 51,04 TO 06,113,Improved,2016,91 years 09 months,645000
2023-07,YISHUN,5 ROOM,613,YISHUN ST 61,07 TO 09,121,Improved,1987,62 years 10 months,610000
2023-07,YISHUN,5 ROOM,713,YISHUN ST 71,04 TO 06,122,Improved,1987,63 years 01 month,535000
2023-07,YISHUN,5 ROOM,758,YISHUN ST 72,04 TO 06,129,Improved,1986,62 years 05 months,620000
2023-07,YISHUN,EXECUTIVE,837,YISHUN ST 81,01 TO 03,146,Maisonette,1988,63 years 07 months,860000
